-- Adminer 4.6.3 MySQL dump

SET NAMES utf8;
SET time_zone = '+00:00';
SET foreign_key_checks = 0;
SET sql_mode = 'NO_AUTO_VALUE_ON_ZERO';

DROP TABLE IF EXISTS `config`;
CREATE TABLE `config` (
  `id` int(11) NOT NULL AUTO_INCREMENT,
  `prettyName` varchar(255) NOT NULL,
  `name` varchar(255) NOT NULL,
  `data` longtext NOT NULL,
  PRIMARY KEY (`id`)
) ENGINE=InnoDB DEFAULT CHARSET=utf8;


DROP TABLE IF EXISTS `file`;
CREATE TABLE `file` (
  `id` int(11) NOT NULL AUTO_INCREMENT,
  `name` varchar(255) DEFAULT NULL,
  `path` text DEFAULT NULL,
  `absolutePath` text DEFAULT NULL,
  `size` int(11) DEFAULT NULL,
  `mimetype` varchar(255) DEFAULT NULL,
  PRIMARY KEY (`id`)
) ENGINE=InnoDB DEFAULT CHARSET=utf8;


DROP TABLE IF EXISTS `tool`;
CREATE TABLE `tool` (
  `id` int(11) NOT NULL AUTO_INCREMENT,
  `supplier` longtext DEFAULT NULL,
  `categories` longtext DEFAULT NULL,
  `name` varchar(255) DEFAULT NULL,
  `revisionCard` varchar(255) DEFAULT NULL,
  `startWork` date DEFAULT NULL,
  `seriesNumber` varchar(255) DEFAULT NULL,
  `machineNumber` varchar(255) DEFAULT NULL,
  `inventoryNumber` varchar(255) DEFAULT NULL,
  `yearOfManufacture` year(4) DEFAULT NULL,
  `comment` text DEFAULT NULL,
  `employee` longtext DEFAULT NULL,
  `revisions` longtext DEFAULT NULL,
  `revisionTypes` longtext DEFAULT NULL,
  `repair` longtext DEFAULT NULL,
  `price` decimal(10,2) DEFAULT NULL,
  `filter1` varchar(255) DEFAULT NULL,
  `filter2` varchar(255) DEFAULT NULL,
  `filter3` varchar(255) DEFAULT NULL,
  `files` longtext DEFAULT NULL,
  `guaranteeInto` date DEFAULT NULL,
  `supplierId` int(11) DEFAULT NULL,
  `employeeId` int(11) DEFAULT NULL,
  `inStock` tinyint(4) DEFAULT NULL,
  `deletedAt` datetime DEFAULT NULL,
  PRIMARY KEY (`id`)
) ENGINE=InnoDB DEFAULT CHARSET=utf8;

INSERT INTO `tool` (`id`, `supplier`, `categories`, `name`, `revisionCard`, `startWork`, `seriesNumber`, `machineNumber`, `inventoryNumber`, `yearOfManufacture`, `comment`, `employee`, `revisions`, `revisionTypes`, `repair`, `price`, `filter1`, `filter2`, `filter3`, `files`, `guaranteeInto`, `supplierId`, `employeeId`, `inStock`, `deletedAt`) VALUES
(1,	'HOUFEK',	'[{\"id\":1,\"name\":\"Velké stroje\"}]',	'CNC frézka TITAN 623215-G5 HOUFEK',	NULL,	NULL,	'001/2009',	NULL,	NULL,	'2009',	NULL,	NULL,	'[]',	'[]',	NULL,	NULL,	NULL,	NULL,	NULL,	NULL,	NULL,	NULL,	NULL,	NULL,	NULL),
(2,	NULL,	'[{\"id\":1,\"name\":\"Velké stroje\"}]',	'CNC frézka TITAN 623215-G5 HOUFEK - revize el.',	NULL,	NULL,	'001/2009',	NULL,	NULL,	'2009',	NULL,	NULL,	'[]',	'[]',	NULL,	NULL,	NULL,	NULL,	NULL,	NULL,	NULL,	NULL,	NULL,	NULL,	NULL),
(3,	NULL,	'[{\"id\":1,\"name\":\"Velké stroje\"}]',	'Chladnička RACK 2400   Pfannenberg',	NULL,	NULL,	'S09040700067/2009',	NULL,	NULL,	'2009',	NULL,	NULL,	'[]',	'[]',	NULL,	NULL,	NULL,	NULL,	NULL,	NULL,	NULL,	NULL,	NULL,	NULL,	NULL),
(4,	'HOUFEK',	'[{\"id\":1,\"name\":\"Velké stroje\"}]',	'CNC frézka TAURUS 0301507-R HOUFEK',	NULL,	NULL,	'003/2013',	NULL,	NULL,	'2013',	NULL,	NULL,	'[]',	'[]',	NULL,	NULL,	NULL,	NULL,	NULL,	NULL,	NULL,	NULL,	NULL,	NULL,	NULL),
(5,	NULL,	'[{\"id\":1,\"name\":\"Velké stroje\"}]',	'CNC frézka TAURUS 0301507-R HOUFEK – revize el.',	NULL,	NULL,	'003/2013',	NULL,	NULL,	'2013',	NULL,	NULL,	'[]',	'[]',	NULL,	NULL,	NULL,	NULL,	NULL,	NULL,	NULL,	NULL,	NULL,	NULL,	NULL),
(6,	NULL,	'[{\"id\":1,\"name\":\"Velké stroje\"}]',	'Chladnička RACK 1700   Pfannenberg',	NULL,	NULL,	'S1240702328/2012',	NULL,	NULL,	'2013',	NULL,	NULL,	'[]',	'[]',	NULL,	NULL,	NULL,	NULL,	NULL,	NULL,	NULL,	NULL,	NULL,	NULL,	NULL),
(7,	NULL,	'[{\"id\":1,\"name\":\"Velké stroje\"}]',	'CNC frézka PROFORM',	NULL,	NULL,	NULL,	NULL,	NULL,	'2015',	NULL,	NULL,	'[]',	'[]',	NULL,	NULL,	NULL,	NULL,	NULL,	NULL,	NULL,	NULL,	NULL,	NULL,	NULL),
(8,	NULL,	'[{\"id\":1,\"name\":\"Velké stroje\"}]',	'CNC frézka PROFORM – revize el.',	NULL,	NULL,	NULL,	NULL,	NULL,	'2015',	NULL,	NULL,	'[]',	'[]',	NULL,	NULL,	NULL,	NULL,	NULL,	NULL,	NULL,	NULL,	NULL,	NULL,	NULL),
(9,	NULL,	'[{\"id\":1,\"name\":\"Velké stroje\"}]',	'CNC frézka SCORPION 322102-R3',	NULL,	NULL,	'CE-009/2015',	NULL,	NULL,	'2015',	NULL,	NULL,	'[]',	'[]',	NULL,	NULL,	NULL,	NULL,	NULL,	NULL,	NULL,	NULL,	NULL,	NULL,	NULL),
(10,	NULL,	'[{\"id\":1,\"name\":\"Velké stroje\"}]',	'CNC frézka SCORPION 322102-R3 – revize el.',	NULL,	NULL,	'CE-009/2015',	NULL,	NULL,	'2015',	NULL,	NULL,	'[]',	'[]',	NULL,	NULL,	NULL,	NULL,	NULL,	NULL,	NULL,	NULL,	NULL,	NULL,	NULL),
(11,	NULL,	'[{\"id\":1,\"name\":\"Velké stroje\"}]',	'Chladnička ACW-LP 12 AL OR SL (15/27)   EURO COLD',	NULL,	NULL,	'2015/018860/005',	NULL,	NULL,	'2015',	NULL,	NULL,	'[]',	'[]',	NULL,	NULL,	NULL,	NULL,	NULL,	NULL,	NULL,	NULL,	NULL,	NULL,	NULL),
(12,	NULL,	'[{\"id\":1,\"name\":\"Velké stroje\"}]',	'Frézka modelářská FZ 1 Zimmermann',	NULL,	NULL,	'215/1963',	NULL,	NULL,	'2004',	NULL,	NULL,	'[]',	'[]',	NULL,	NULL,	NULL,	NULL,	NULL,	NULL,	NULL,	NULL,	NULL,	NULL,	NULL),
(13,	NULL,	'[{\"id\":1,\"name\":\"Velké stroje\"}]',	'Frézka srovnávací  SR – 430 HOUFEK',	NULL,	NULL,	'010/2009',	NULL,	NULL,	'2009',	NULL,	NULL,	'[]',	'[]',	NULL,	NULL,	NULL,	NULL,	NULL,	NULL,	NULL,	NULL,	NULL,	NULL,	NULL),
(14,	NULL,	'[{\"id\":1,\"name\":\"Velké stroje\"}]',	'Frézka srovnávací  R630   HOUFEK',	NULL,	NULL,	'AR – 022/2015',	NULL,	NULL,	'2015',	NULL,	NULL,	'[]',	'[]',	NULL,	NULL,	NULL,	NULL,	NULL,	NULL,	NULL,	NULL,	NULL,	NULL,	NULL),
(15,	NULL,	'[{\"id\":1,\"name\":\"Velké stroje\"}]',	'Frézka spodní FVV300P    JEŘÁBEK',	NULL,	NULL,	'461513',	NULL,	NULL,	'2013',	NULL,	NULL,	'[]',	'[]',	NULL,	NULL,	NULL,	NULL,	NULL,	NULL,	NULL,	NULL,	NULL,	NULL,	NULL),
(16,	NULL,	'[{\"id\":1,\"name\":\"Velké stroje\"}]',	'Frézka spodní WOODSTAR bs 52            3902103000 ',	NULL,	NULL,	'8379/2007',	NULL,	NULL,	'2009',	NULL,	NULL,	'[]',	'[]',	NULL,	NULL,	NULL,	NULL,	NULL,	NULL,	NULL,	NULL,	NULL,	NULL,	NULL),
(17,	NULL,	'[{\"id\":1,\"name\":\"Velké stroje\"}]',	'Frézka tloušťkovací SP 630   HOUFEK',	NULL,	NULL,	'AB – 1198/2014',	NULL,	NULL,	'2015',	NULL,	NULL,	'[]',	'[]',	NULL,	NULL,	NULL,	NULL,	NULL,	NULL,	NULL,	NULL,	NULL,	NULL,	NULL),
(18,	NULL,	'[{\"id\":1,\"name\":\"Velké stroje\"}]',	'Pila pásová UH 800 HEMA',	NULL,	NULL,	'83306/1979',	NULL,	NULL,	'2008',	NULL,	NULL,	'[]',	'[]',	NULL,	NULL,	NULL,	NULL,	NULL,	NULL,	NULL,	NULL,	NULL,	NULL,	NULL),
(19,	NULL,	'[{\"id\":1,\"name\":\"Velké stroje\"}]',	'Pila pásová BSA 800 PANHANS',	NULL,	NULL,	'505/1979',	NULL,	NULL,	'2004',	NULL,	NULL,	'[]',	'[]',	NULL,	NULL,	NULL,	NULL,	NULL,	NULL,	NULL,	NULL,	NULL,	NULL,	NULL),
(20,	NULL,	'[{\"id\":1,\"name\":\"Velké stroje\"}]',	'Pila pásová PPN 80 TOS',	NULL,	NULL,	'3093 75/1975',	'1',	NULL,	'2004',	NULL,	NULL,	'[]',	'[]',	NULL,	NULL,	NULL,	NULL,	NULL,	NULL,	NULL,	NULL,	NULL,	NULL,	NULL),
(21,	NULL,	'[{\"id\":1,\"name\":\"Velké stroje\"}]',	'Pila pásová PPN 80 TOS',	NULL,	NULL,	'1110180928',	'2',	NULL,	'2004',	NULL,	NULL,	'[]',	'[]',	NULL,	NULL,	NULL,	NULL,	NULL,	NULL,	NULL,	NULL,	NULL,	NULL,	NULL),
(22,	NULL,	'[{\"id\":1,\"name\":\"Velké stroje\"}]',	'Pila pásová na kov ARG250 STANDARD  PILOUS',	NULL,	NULL,	'06/09/1340',	NULL,	NULL,	'2010',	NULL,	NULL,	'[]',	'[]',	NULL,	NULL,	NULL,	NULL,	NULL,	NULL,	NULL,	NULL,	NULL,	NULL,	NULL),
(23,	NULL,	'[{\"id\":1,\"name\":\"Velké stroje\"}]',	'Pila formátovací PF 400 S ROJEK',	NULL,	NULL,	'122223/2004',	NULL,	NULL,	'2004',	NULL,	NULL,	'[]',	'[]',	NULL,	NULL,	NULL,	NULL,	NULL,	NULL,	NULL,	NULL,	NULL,	NULL,	NULL),
(24,	NULL,	'[{\"id\":1,\"name\":\"Velké stroje\"}]',	'Pila formátovací T60 PreXision MARTIN',	NULL,	NULL,	'502669/2011',	NULL,	NULL,	'2011',	NULL,	NULL,	'[]',	'[]',	NULL,	NULL,	NULL,	NULL,	NULL,	NULL,	NULL,	NULL,	NULL,	NULL,	NULL),
(25,	NULL,	'[{\"id\":1,\"name\":\"Velké stroje\"}]',	'Pila formátovací PKV350RP 1600    JEŘÁBEK',	NULL,	NULL,	'461313',	NULL,	NULL,	'2013',	NULL,	NULL,	'[]',	'[]',	NULL,	NULL,	NULL,	NULL,	NULL,	NULL,	NULL,	NULL,	NULL,	NULL,	NULL),
(26,	NULL,	'[{\"id\":1,\"name\":\"Velké stroje\"}]',	'Soustruh DZ 2000 Universal Zimmermann',	NULL,	NULL,	'12/1973',	NULL,	NULL,	'2004',	NULL,	NULL,	'[]',	'[]',	NULL,	NULL,	NULL,	NULL,	NULL,	NULL,	NULL,	NULL,	NULL,	NULL,	NULL),
(27,	NULL,	'[{\"id\":1,\"name\":\"Velké stroje\"}]',	'Soustruh SHS',	NULL,	NULL,	'318661/1966',	NULL,	NULL,	'2004',	NULL,	NULL,	'[]',	'[]',	NULL,	NULL,	NULL,	NULL,	NULL,	NULL,	NULL,	NULL,	NULL,	NULL,	NULL),
(28,	NULL,	'[{\"id\":1,\"name\":\"Velké stroje\"}]',	'Soustruh na kov SPB 550/400      SA Trade',	NULL,	NULL,	'B2016/1010/2016',	NULL,	NULL,	'2016',	NULL,	NULL,	'[]',	'[]',	NULL,	NULL,	NULL,	NULL,	NULL,	NULL,	NULL,	NULL,	NULL,	NULL,	NULL),
(29,	NULL,	'[{\"id\":1,\"name\":\"Velké stroje\"}]',	'Bruska kotoučová čelní D300 BKC-305 PROMA',	NULL,	NULL,	'B2006/123/2006',	NULL,	NULL,	'2006',	NULL,	NULL,	'[]',	'[]',	NULL,	NULL,	NULL,	NULL,	NULL,	NULL,	NULL,	NULL,	NULL,	NULL,	NULL),
(30,	NULL,	'[{\"id\":1,\"name\":\"Velké stroje\"}]',	'Bruska oscilační OZS Zimmermann',	NULL,	NULL,	'239/1985',	NULL,	NULL,	'2004',	NULL,	NULL,	'[]',	'[]',	NULL,	NULL,	NULL,	NULL,	NULL,	NULL,	NULL,	NULL,	NULL,	NULL,	NULL),
(31,	NULL,	'[{\"id\":1,\"name\":\"Velké stroje\"}]',	'Bruska širokopásová BULDOG SPB 1100 HOUFEK',	NULL,	NULL,	'146/1999',	NULL,	NULL,	'2011',	NULL,	NULL,	'[]',	'[]',	NULL,	NULL,	NULL,	NULL,	NULL,	NULL,	NULL,	NULL,	NULL,	NULL,	NULL),
(32,	NULL,	'[{\"id\":1,\"name\":\"Velké stroje\"}]',	'Bruska kotoučová kovo velká BNT 34 – PO  MEZ',	NULL,	NULL,	'328204/1962',	NULL,	NULL,	'2004',	NULL,	NULL,	'[]',	'[]',	NULL,	NULL,	NULL,	NULL,	NULL,	NULL,	NULL,	NULL,	NULL,	NULL,	NULL),
(33,	NULL,	'[{\"id\":1,\"name\":\"Velké stroje\"}]',	'Bruska kotoučová kovo malá QMS 150 QUANTUM',	NULL,	NULL,	'3101815/2006',	NULL,	NULL,	'2006',	NULL,	NULL,	'[]',	'[]',	NULL,	NULL,	NULL,	NULL,	NULL,	NULL,	NULL,	NULL,	NULL,	NULL,	NULL),
(34,	NULL,	'[{\"id\":1,\"name\":\"Velké stroje\"}]',	'Bruska čelní CB 700     HOUFEK',	NULL,	NULL,	'GA – 001/2014',	NULL,	NULL,	'2014',	NULL,	NULL,	'[]',	'[]',	NULL,	NULL,	NULL,	NULL,	NULL,	NULL,	NULL,	NULL,	NULL,	NULL,	NULL),
(35,	NULL,	'[{\"id\":1,\"name\":\"Velké stroje\"}]',	'Bruska čelní CB 700     HOUFEK',	NULL,	NULL,	'GA – 002/2014',	NULL,	NULL,	'2014',	NULL,	NULL,	'[]',	'[]',	NULL,	NULL,	NULL,	NULL,	NULL,	NULL,	NULL,	NULL,	NULL,	NULL,	NULL),
(36,	NULL,	'[{\"id\":1,\"name\":\"Velké stroje\"}]',	'Lis D 2100',	NULL,	NULL,	'8541600',	NULL,	NULL,	'2004',	NULL,	NULL,	'[]',	'[]',	NULL,	NULL,	NULL,	NULL,	NULL,	NULL,	NULL,	NULL,	NULL,	NULL,	NULL),
(37,	NULL,	'[{\"id\":1,\"name\":\"Velké stroje\"}]',	'Vrtačka sloupová VS32B TOS',	NULL,	NULL,	'2946 (inv.č.)',	NULL,	NULL,	'2006',	NULL,	NULL,	'[]',	'[]',	NULL,	NULL,	NULL,	NULL,	NULL,	NULL,	NULL,	NULL,	NULL,	NULL,	NULL),
(38,	NULL,	'[{\"id\":1,\"name\":\"Velké stroje\"}]',	'Vrtačka sloupová 5120 DP51020F uni-max',	NULL,	NULL,	'11341Q0012/2013',	NULL,	NULL,	'2013',	NULL,	NULL,	'[]',	'[]',	NULL,	NULL,	NULL,	NULL,	NULL,	NULL,	NULL,	NULL,	NULL,	NULL,	NULL),
(39,	NULL,	'[{\"id\":1,\"name\":\"Velké stroje\"}]',	'Chladící zařízení CP – 01',	NULL,	NULL,	'2100870/2010',	NULL,	NULL,	'2011',	NULL,	NULL,	'[]',	'[]',	NULL,	NULL,	NULL,	NULL,	NULL,	NULL,	NULL,	NULL,	NULL,	NULL,	NULL),
(40,	NULL,	'[{\"id\":1,\"name\":\"Velké stroje\"}]',	'Řezací zařízení na polystyren – drátořez',	NULL,	NULL,	NULL,	NULL,	NULL,	NULL,	NULL,	NULL,	'[]',	'[]',	NULL,	NULL,	NULL,	NULL,	NULL,	NULL,	NULL,	NULL,	NULL,	NULL,	NULL),
(41,	NULL,	'[{\"id\":9,\"name\":\"Budova, auta, EZS\"}]',	'Epoxidárna',	NULL,	NULL,	NULL,	NULL,	NULL,	NULL,	NULL,	NULL,	'[]',	'[]',	NULL,	NULL,	NULL,	NULL,	NULL,	NULL,	NULL,	NULL,	NULL,	NULL,	NULL),
(42,	NULL,	'[{\"id\":9,\"name\":\"Budova, auta, EZS\"}]',	'Lékárnička',	NULL,	NULL,	NULL,	NULL,	NULL,	NULL,	NULL,	NULL,	'[]',	'[]',	NULL,	NULL,	NULL,	NULL,	NULL,	NULL,	NULL,	NULL,	NULL,	NULL,	NULL),
(43,	'JMP a.s.Brno',	'[{\"id\":9,\"name\":\"Budova, auta, EZS\"}]',	'Revize plynového zařízení - přípojka po HUP',	NULL,	NULL,	NULL,	NULL,	NULL,	'2005',	NULL,	NULL,	'[]',	'[]',	NULL,	NULL,	NULL,	NULL,	NULL,	NULL,	NULL,	NULL,	NULL,	NULL,	NULL),
(44,	'Zekatel',	'[{\"id\":9,\"name\":\"Budova, auta, EZS\"}]',	'EZS, EPS - zabezpečovačka',	NULL,	NULL,	NULL,	NULL,	NULL,	'2008',	NULL,	NULL,	'[]',	'[]',	NULL,	NULL,	NULL,	NULL,	NULL,	NULL,	NULL,	NULL,	NULL,	NULL,	NULL),
(45,	'Kučera',	'[{\"id\":9,\"name\":\"Budova, auta, EZS\"}]',	'Revizní zpráva - zásobování požární vodou',	NULL,	NULL,	NULL,	NULL,	NULL,	'2008',	NULL,	NULL,	'[]',	'[]',	NULL,	NULL,	NULL,	NULL,	NULL,	NULL,	NULL,	NULL,	NULL,	NULL,	NULL),
(46,	NULL,	'[{\"id\":9,\"name\":\"Budova, auta, EZS\"}]',	'Revize el. zařízení - starší část budovy',	NULL,	NULL,	NULL,	NULL,	NULL,	'2005',	NULL,	NULL,	'[]',	'[]',	NULL,	NULL,	NULL,	NULL,	NULL,	NULL,	NULL,	NULL,	NULL,	NULL,	NULL),
(47,	NULL,	'[{\"id\":9,\"name\":\"Budova, auta, EZS\"}]',	'Revize el. zařízení - dostavba',	NULL,	NULL,	NULL,	NULL,	NULL,	'2008',	NULL,	NULL,	'[]',	'[]',	NULL,	NULL,	NULL,	NULL,	NULL,	NULL,	NULL,	NULL,	NULL,	NULL,	NULL),
(48,	NULL,	'[{\"id\":9,\"name\":\"Budova, auta, EZS\"}]',	'Revize hromosvodů',	NULL,	NULL,	NULL,	NULL,	NULL,	'2005',	NULL,	NULL,	'[]',	'[]',	NULL,	NULL,	NULL,	NULL,	NULL,	NULL,	NULL,	NULL,	NULL,	NULL,	NULL),
(49,	NULL,	'[{\"id\":9,\"name\":\"Budova, auta, EZS\"}]',	'Auto Renault - technická',	NULL,	NULL,	NULL,	NULL,	NULL,	'2008',	NULL,	NULL,	'[]',	'[]',	NULL,	NULL,	NULL,	NULL,	NULL,	NULL,	NULL,	NULL,	NULL,	NULL,	NULL),
(50,	NULL,	'[{\"id\":9,\"name\":\"Budova, auta, EZS\"}]',	'Auto Renault - inspekce',	NULL,	NULL,	NULL,	NULL,	NULL,	'2008',	NULL,	NULL,	'[]',	'[]',	NULL,	NULL,	NULL,	NULL,	NULL,	NULL,	NULL,	NULL,	NULL,	NULL,	NULL),
(51,	NULL,	'[{\"id\":9,\"name\":\"Budova, auta, EZS\"}]',	'Sklad Hänel Rotomat R 700/115/327/203',	NULL,	NULL,	'240.172*2/2008',	NULL,	NULL,	'2016',	NULL,	NULL,	'[]',	'[]',	NULL,	NULL,	NULL,	NULL,	NULL,	NULL,	NULL,	NULL,	NULL,	NULL,	NULL),
(52,	NULL,	'[{\"id\":2,\"name\":\"Elektrické nářadí\"}]',	'Svářečka KITin165 KÜHTREIBER',	NULL,	NULL,	'5004004644',	NULL,	NULL,	'2009',	NULL,	NULL,	'[]',	'[]',	NULL,	NULL,	NULL,	NULL,	NULL,	NULL,	NULL,	NULL,	NULL,	NULL,	NULL),
(53,	NULL,	'[{\"id\":2,\"name\":\"Elektrické nářadí\"}]',	'Svářecí invertor aXe 320 IN MIG SYN-4    ALFAIN – svářečka CO',	NULL,	NULL,	'44375',	NULL,	NULL,	'2016',	NULL,	NULL,	'[]',	'[]',	NULL,	NULL,	NULL,	NULL,	NULL,	NULL,	NULL,	NULL,	NULL,	NULL,	NULL),
(54,	NULL,	'[{\"id\":2,\"name\":\"Elektrické nářadí\"}]',	'Horkovzdušná pistole EXTOL',	'0311',	NULL,	'8894801',	NULL,	NULL,	'2014',	NULL,	NULL,	'[]',	'[]',	NULL,	NULL,	NULL,	NULL,	NULL,	NULL,	NULL,	NULL,	NULL,	NULL,	NULL),
(55,	NULL,	'[{\"id\":2,\"name\":\"Elektrické nářadí\"}]',	'SUPERCUT FSC 2.0 FEIN',	'0005',	NULL,	'2006 10 18709/2006',	NULL,	NULL,	'2006',	NULL,	NULL,	'[]',	'[]',	NULL,	NULL,	NULL,	NULL,	NULL,	NULL,	NULL,	NULL,	NULL,	NULL,	NULL),
(56,	NULL,	'[{\"id\":2,\"name\":\"Elektrické nářadí\"}]',	'SUPERCUT FSC 1.6 FEIN',	'0039',	NULL,	'2004 09 12048/37636/2004',	NULL,	NULL,	'2010',	NULL,	NULL,	'[]',	'[]',	NULL,	NULL,	NULL,	NULL,	NULL,	NULL,	NULL,	NULL,	NULL,	NULL,	NULL),
(57,	NULL,	'[{\"id\":2,\"name\":\"Elektrické nářadí\"}]',	'Pila řetězová UC3001A  MAKITA',	'0027',	NULL,	'43554/2002',	NULL,	NULL,	'2004',	NULL,	NULL,	'[]',	'[]',	NULL,	NULL,	NULL,	NULL,	NULL,	NULL,	NULL,	NULL,	NULL,	NULL,	NULL),
(58,	NULL,	'[{\"id\":2,\"name\":\"Elektrické nářadí\"}]',	'Pila přímočará s předkyvem 4530 CT  MAKITA',	'0319',	NULL,	'242560 G/2012',	NULL,	NULL,	'2012',	NULL,	NULL,	'[]',	'[]',	NULL,	NULL,	NULL,	NULL,	NULL,	NULL,	NULL,	NULL,	NULL,	NULL,	NULL),
(59,	NULL,	'[{\"id\":2,\"name\":\"Elektrické nářadí\"}]',	'Pila přímočará  MAKITA',	'0300',	NULL,	'154387 G',	NULL,	NULL,	NULL,	NULL,	NULL,	'[]',	'[]',	NULL,	NULL,	NULL,	NULL,	NULL,	NULL,	NULL,	NULL,	NULL,	NULL,	NULL),
(60,	NULL,	'[{\"id\":2,\"name\":\"Elektrické nářadí\"}]',	'Pila pokosová KGS254 M    METABO',	'0307',	NULL,	'2305061265/2013',	NULL,	NULL,	'2013',	NULL,	NULL,	'[]',	'[]',	NULL,	NULL,	NULL,	NULL,	NULL,	NULL,	NULL,	NULL,	NULL,	NULL,	NULL),
(61,	NULL,	'[{\"id\":2,\"name\":\"Elektrické nářadí\"}]',	'Pila kotoučová ponorná TS 55 RENQ    FESTOOL',	'0318',	NULL,	'41303924/498500/2014',	NULL,	NULL,	'2014',	NULL,	NULL,	'[]',	'[]',	NULL,	NULL,	NULL,	NULL,	NULL,	NULL,	NULL,	NULL,	NULL,	NULL,	NULL),
(62,	NULL,	'[{\"id\":2,\"name\":\"Elektrické nářadí\"}]',	'Frézka horní svislá DW621-QS02  DEWALT',	'0050',	NULL,	'338758',	NULL,	NULL,	'2008',	NULL,	NULL,	'[]',	'[]',	NULL,	NULL,	NULL,	NULL,	NULL,	NULL,	NULL,	NULL,	NULL,	NULL,	NULL),
(63,	NULL,	'[{\"id\":2,\"name\":\"Elektrické nářadí\"}]',	'Frézka horní svislá H730S FLEX  9804 01007 259.369',	'0012',	NULL,	'12713 (inv.č.)',	NULL,	NULL,	'2010',	NULL,	NULL,	'[]',	'[]',	NULL,	NULL,	NULL,	NULL,	NULL,	NULL,	NULL,	NULL,	NULL,	NULL,	NULL),
(64,	NULL,	'[{\"id\":2,\"name\":\"Elektrické nářadí\"}]',	'Frézka horní svislá H730S FLEX  9804 01007 259.369',	'0007',	NULL,	'12720 (inv.č.)',	NULL,	NULL,	'2010',	NULL,	NULL,	'[]',	'[]',	NULL,	NULL,	NULL,	NULL,	NULL,	NULL,	NULL,	NULL,	NULL,	NULL,	NULL),
(65,	NULL,	'[{\"id\":2,\"name\":\"Elektrické nářadí\"}]',	'Frézka horní RP2300FC   MAKITA',	'0309',	NULL,	'20828/2012',	NULL,	NULL,	'2012',	NULL,	NULL,	'[]',	'[]',	NULL,	NULL,	NULL,	NULL,	NULL,	NULL,	NULL,	NULL,	NULL,	NULL,	NULL),
(66,	NULL,	'[{\"id\":2,\"name\":\"Elektrické nářadí\"}]',	'Frézka horní RP2300FCXJ   MAKITA',	'0320',	NULL,	'62139E/2015',	NULL,	NULL,	'2015',	NULL,	NULL,	'[]',	'[]',	NULL,	NULL,	NULL,	NULL,	NULL,	NULL,	NULL,	NULL,	NULL,	NULL,	NULL),
(67,	NULL,	'[{\"id\":2,\"name\":\"Elektrické nářadí\"}]',	'Frézka horní ořezávací CMT9',	'0310',	NULL,	'32000135',	NULL,	NULL,	'2013',	NULL,	NULL,	'[]',	'[]',	NULL,	NULL,	NULL,	NULL,	NULL,	NULL,	NULL,	NULL,	NULL,	NULL,	NULL),
(68,	NULL,	'[{\"id\":2,\"name\":\"Elektrické nářadí\"}]',	'Frézka komb. RT0700C   MAKITA',	'0330',	NULL,	'0139714/2013',	NULL,	NULL,	'2014',	NULL,	NULL,	'[]',	'[]',	NULL,	NULL,	NULL,	NULL,	NULL,	NULL,	NULL,	NULL,	NULL,	NULL,	NULL),
(69,	NULL,	'[{\"id\":2,\"name\":\"Elektrické nářadí\"}]',	'Frézka komb. RT0700C   MAKITA',	NULL,	NULL,	'614714Y',	NULL,	NULL,	'2017',	NULL,	NULL,	'[]',	'[]',	NULL,	NULL,	NULL,	NULL,	NULL,	NULL,	NULL,	NULL,	NULL,	NULL,	NULL),
(70,	NULL,	'[{\"id\":2,\"name\":\"Elektrické nářadí\"}]',	'Fréza na lamely FBJ-710 FERM',	'0056',	NULL,	'0900099/2009',	NULL,	NULL,	'2010',	NULL,	NULL,	'[]',	'[]',	NULL,	NULL,	NULL,	NULL,	NULL,	NULL,	NULL,	NULL,	NULL,	NULL,	NULL),
(71,	NULL,	'[{\"id\":2,\"name\":\"Elektrické nářadí\"}]',	'Hoblík elektrický Ho0882  METABO',	'0044',	NULL,	'4041152044',	NULL,	NULL,	'2004',	NULL,	NULL,	'[]',	'[]',	NULL,	NULL,	NULL,	NULL,	NULL,	NULL,	NULL,	NULL,	NULL,	NULL,	NULL),
(72,	NULL,	'[{\"id\":2,\"name\":\"Elektrické nářadí\"}]',	'Hoblík elektrický KP 0800 MAKITA',	'0006',	NULL,	'25889G/2012',	NULL,	NULL,	'2012',	NULL,	NULL,	'[]',	'[]',	NULL,	NULL,	NULL,	NULL,	NULL,	NULL,	NULL,	NULL,	NULL,	NULL,	NULL),
(73,	NULL,	'[{\"id\":2,\"name\":\"Elektrické nářadí\"}]',	'Hoblík elektrický PHO 1 BOSCH',	'0041',	NULL,	'0 603 272 208/991000862/',	NULL,	NULL,	'2013',	NULL,	NULL,	'[]',	'[]',	NULL,	NULL,	NULL,	NULL,	NULL,	NULL,	NULL,	NULL,	NULL,	NULL,	NULL),
(74,	NULL,	'[{\"id\":2,\"name\":\"Elektrické nářadí\"}]',	'Bruska DELTA DSE300 METABO',	'0051',	NULL,	'4071195732/2004',	NULL,	NULL,	'2004',	NULL,	NULL,	'[]',	'[]',	NULL,	NULL,	NULL,	NULL,	NULL,	NULL,	NULL,	NULL,	NULL,	NULL,	NULL),
(75,	NULL,	'[{\"id\":2,\"name\":\"Elektrické nářadí\"}]',	'Bruska úhlová WE14-150 Plus  METABO',	'0048',	NULL,	'4030072323',	NULL,	NULL,	'2004',	NULL,	NULL,	'[]',	'[]',	NULL,	NULL,	NULL,	NULL,	NULL,	NULL,	NULL,	NULL,	NULL,	NULL,	NULL),
(76,	NULL,	'[{\"id\":2,\"name\":\"Elektrické nářadí\"}]',	'Bruska úhlová EBU 12-9 NAREX',	'0002',	NULL,	'29927814/779576/2010',	NULL,	NULL,	'2010',	NULL,	NULL,	'[]',	'[]',	NULL,	NULL,	NULL,	NULL,	NULL,	NULL,	NULL,	NULL,	NULL,	NULL,	NULL),
(77,	NULL,	'[{\"id\":2,\"name\":\"Elektrické nářadí\"}]',	'Bruska úhlová GA5030    MAKITA',	'0327',	NULL,	'846117R',	NULL,	NULL,	'2013',	NULL,	NULL,	'[]',	'[]',	NULL,	NULL,	NULL,	NULL,	NULL,	NULL,	NULL,	NULL,	NULL,	NULL,	NULL),
(78,	NULL,	'[{\"id\":2,\"name\":\"Elektrické nářadí\"}]',	'Bruska úhlová GA9020RF     MAKITA',	NULL,	NULL,	'414558R',	NULL,	NULL,	'2015',	NULL,	NULL,	'[]',	'[]',	NULL,	NULL,	NULL,	NULL,	NULL,	NULL,	NULL,	NULL,	NULL,	NULL,	NULL),
(79,	NULL,	'[{\"id\":2,\"name\":\"Elektrické nářadí\"}]',	'Bruska úhlová EBU 15-16 CA    NAREX',	NULL,	NULL,	'65404746 40024189',	NULL,	NULL,	'2017',	NULL,	NULL,	'[]',	'[]',	NULL,	NULL,	NULL,	NULL,	NULL,	NULL,	NULL,	NULL,	NULL,	NULL,	NULL),
(80,	NULL,	'[{\"id\":2,\"name\":\"Elektrické nářadí\"}]',	'Bruska pásová BS 75 E   FESTOOL',	'0301',	NULL,	'043914/2004',	NULL,	NULL,	'2014',	NULL,	NULL,	'[]',	'[]',	NULL,	NULL,	NULL,	NULL,	NULL,	NULL,	NULL,	NULL,	NULL,	NULL,	NULL),
(81,	NULL,	'[{\"id\":2,\"name\":\"Elektrické nářadí\"}]',	'Bruska pásová BS 75E  FESTOOL',	'0332',	NULL,	'10690093/2008',	NULL,	NULL,	'2008',	NULL,	NULL,	'[]',	'[]',	NULL,	NULL,	NULL,	NULL,	NULL,	NULL,	NULL,	NULL,	NULL,	NULL,	NULL),
(82,	NULL,	'[{\"id\":2,\"name\":\"Elektrické nářadí\"}]',	'Bruska pásová BS 75 E   FESTOOL',	'0302',	NULL,	'10729885/2012',	NULL,	NULL,	'2012',	NULL,	NULL,	'[]',	'[]',	NULL,	NULL,	NULL,	NULL,	NULL,	NULL,	NULL,	NULL,	NULL,	NULL,	NULL),
(83,	NULL,	'[{\"id\":2,\"name\":\"Elektrické nářadí\"}]',	'Bruska pásová HBS 533-E    MASTER(WÜRTH)',	NULL,	NULL,	'988497760501024242/2016',	NULL,	NULL,	'2016',	NULL,	NULL,	'[]',	'[]',	NULL,	NULL,	NULL,	NULL,	NULL,	NULL,	NULL,	NULL,	NULL,	NULL,	NULL),
(84,	NULL,	'[{\"id\":2,\"name\":\"Elektrické nářadí\"}]',	'Bruska přímá SGP 30-8 E  PROTOOL',	'0040',	NULL,	'01228358/2004',	NULL,	NULL,	'2004',	NULL,	NULL,	'[]',	'[]',	NULL,	NULL,	NULL,	NULL,	NULL,	NULL,	NULL,	NULL,	NULL,	NULL,	NULL),
(85,	NULL,	'[{\"id\":2,\"name\":\"Elektrické nářadí\"}]',	'Bruska přímá DGP 30-8 E  PROTOOL',	NULL,	NULL,	'26160658/2008',	NULL,	NULL,	'2008',	NULL,	NULL,	'[]',	'[]',	NULL,	NULL,	NULL,	NULL,	NULL,	NULL,	NULL,	NULL,	NULL,	NULL,	NULL),
(86,	NULL,	'[{\"id\":2,\"name\":\"Elektrické nářadí\"}]',	'Bruska přímá DGP 30-8 E  PROTOOL',	'0032',	NULL,	'27848265/636177/2009',	NULL,	NULL,	'2010',	NULL,	NULL,	'[]',	'[]',	NULL,	NULL,	NULL,	NULL,	NULL,	NULL,	NULL,	NULL,	NULL,	NULL,	NULL),
(87,	NULL,	'[{\"id\":2,\"name\":\"Elektrické nářadí\"}]',	'Bruska přímá BT-MG160 KIT  EINHEL',	'0058',	NULL,	'CORE-2562 2008/07',	NULL,	NULL,	'2010',	NULL,	NULL,	'[]',	'[]',	NULL,	NULL,	NULL,	NULL,	NULL,	NULL,	NULL,	NULL,	NULL,	NULL,	NULL),
(88,	NULL,	'[{\"id\":2,\"name\":\"Elektrické nářadí\"}]',	'Bruska přímá 300 SERIES  DREMEL',	'0049',	NULL,	'F013 0300 45/2010',	NULL,	NULL,	'2010',	NULL,	NULL,	'[]',	'[]',	NULL,	NULL,	NULL,	NULL,	NULL,	NULL,	NULL,	NULL,	NULL,	NULL,	NULL),
(89,	NULL,	'[{\"id\":2,\"name\":\"Elektrické nářadí\"}]',	'Bruska přímá EBK 30-8E   NAREX',	'0321',	NULL,	'349 344 87/763328',	NULL,	NULL,	'2012',	NULL,	NULL,	'[]',	'[]',	NULL,	NULL,	NULL,	NULL,	NULL,	NULL,	NULL,	NULL,	NULL,	NULL,	NULL),
(90,	NULL,	'[{\"id\":2,\"name\":\"Elektrické nářadí\"}]',	'Bruska přímá EBK 30-8E   NAREX',	'0304',	NULL,	'349 344 94/763328/2012',	NULL,	NULL,	'2012',	NULL,	NULL,	'[]',	'[]',	NULL,	NULL,	NULL,	NULL,	NULL,	NULL,	NULL,	NULL,	NULL,	NULL,	NULL),
(91,	NULL,	'[{\"id\":2,\"name\":\"Elektrické nářadí\"}]',	'Bruska přímá EBK 30-8E   NAREX',	'0305',	NULL,	'349 345 24/763328',	NULL,	NULL,	'2012',	NULL,	NULL,	'[]',	'[]',	NULL,	NULL,	NULL,	NULL,	NULL,	NULL,	NULL,	NULL,	NULL,	NULL,	NULL),
(92,	NULL,	'[{\"id\":2,\"name\":\"Elektrické nářadí\"}]',	'Bruska řetězová na kov CS03   WOODSTAR',	'0310',	NULL,	'1904 3903602942',	NULL,	NULL,	'2012',	NULL,	NULL,	'[]',	'[]',	NULL,	NULL,	NULL,	NULL,	NULL,	NULL,	NULL,	NULL,	NULL,	NULL,	NULL),
(93,	NULL,	'[{\"id\":2,\"name\":\"Elektrické nářadí\"}]',	'Bruska vibrační RS300Q  FESTOOL',	'0055',	NULL,	'018443/2003',	NULL,	NULL,	'2004',	NULL,	NULL,	'[]',	'[]',	NULL,	NULL,	NULL,	NULL,	NULL,	NULL,	NULL,	NULL,	NULL,	NULL,	NULL),
(94,	NULL,	'[{\"id\":2,\"name\":\"Elektrické nářadí\"}]',	'Bruska vibrační PSS 250 AE  BOSCH',	'0046',	NULL,	'008 000 749/2010',	NULL,	NULL,	'2010',	NULL,	NULL,	'[]',	'[]',	NULL,	NULL,	NULL,	NULL,	NULL,	NULL,	NULL,	NULL,	NULL,	NULL,	NULL),
(95,	NULL,	'[{\"id\":2,\"name\":\"Elektrické nářadí\"}]',	'Bruska vibrační PSS 250 AE  BOSCH',	'0004',	NULL,	'009 000 435/2010',	NULL,	NULL,	'2010',	NULL,	NULL,	'[]',	'[]',	NULL,	NULL,	NULL,	NULL,	NULL,	NULL,	NULL,	NULL,	NULL,	NULL,	NULL),
(96,	NULL,	'[{\"id\":2,\"name\":\"Elektrické nářadí\"}]',	'Bruska vibrační BO3711 MAKITA',	'0033',	NULL,	'0081129Y/2011',	NULL,	NULL,	'2012',	NULL,	NULL,	'[]',	'[]',	NULL,	NULL,	NULL,	NULL,	NULL,	NULL,	NULL,	NULL,	NULL,	NULL,	NULL),
(97,	NULL,	'[{\"id\":2,\"name\":\"Elektrické nářadí\"}]',	'Bruska vibrační SXE 450 TTec METABO',	'0306',	NULL,	'3110094188',	NULL,	NULL,	'2013',	NULL,	NULL,	'[]',	'[]',	NULL,	NULL,	NULL,	NULL,	NULL,	NULL,	NULL,	NULL,	NULL,	NULL,	NULL),
(98,	NULL,	'[{\"id\":2,\"name\":\"Elektrické nářadí\"}]',	'Bruska vibrační BO3711 MAKITA',	NULL,	NULL,	'2016/0302702Y',	NULL,	NULL,	'2018',	NULL,	NULL,	'[]',	'[]',	NULL,	NULL,	NULL,	NULL,	NULL,	NULL,	NULL,	NULL,	NULL,	NULL,	NULL),
(99,	NULL,	'[{\"id\":2,\"name\":\"Elektrické nářadí\"}]',	'Bruska vibrační BO3711 MAKITA',	NULL,	NULL,	'2017/0353179Y',	NULL,	NULL,	'2018',	NULL,	NULL,	'[]',	'[]',	NULL,	NULL,	NULL,	NULL,	NULL,	NULL,	NULL,	NULL,	NULL,	NULL,	NULL),
(100,	NULL,	'[{\"id\":2,\"name\":\"Elektrické nářadí\"}]',	'Bruska pneu DTS 152 COMPACT   MASTER(WÜRTH)',	NULL,	NULL,	NULL,	NULL,	NULL,	'2016',	NULL,	NULL,	'[]',	'[]',	NULL,	NULL,	NULL,	NULL,	NULL,	NULL,	NULL,	NULL,	NULL,	NULL,	NULL),
(101,	NULL,	'[{\"id\":2,\"name\":\"Elektrické nářadí\"}]',	'Vrtačka úhlová DA3010F  MAKITA',	'0308',	NULL,	'13785E/2003',	NULL,	NULL,	'2004',	NULL,	NULL,	'[]',	'[]',	NULL,	NULL,	NULL,	NULL,	NULL,	NULL,	NULL,	NULL,	NULL,	NULL,	NULL),
(102,	NULL,	'[{\"id\":2,\"name\":\"Elektrické nářadí\"}]',	'Vrtačka úhlová DA3010F  MAKITA',	'0317',	NULL,	'157933/2011',	NULL,	NULL,	'2012',	NULL,	NULL,	'[]',	'[]',	NULL,	NULL,	NULL,	NULL,	NULL,	NULL,	NULL,	NULL,	NULL,	NULL,	NULL),
(103,	NULL,	'[{\"id\":2,\"name\":\"Elektrické nářadí\"}]',	'Vrtačka úhlová DA3010F  MAKITA',	'0314',	NULL,	'183940E/2013',	NULL,	NULL,	'2014',	NULL,	NULL,	'[]',	'[]',	NULL,	NULL,	NULL,	NULL,	NULL,	NULL,	NULL,	NULL,	NULL,	NULL,	NULL),
(104,	NULL,	'[{\"id\":2,\"name\":\"Elektrické nářadí\"}]',	'Vrtačka úhlová DA3010F  MAKITA',	NULL,	NULL,	'222074E/2016',	NULL,	NULL,	'2017',	NULL,	NULL,	'[]',	'[]',	NULL,	NULL,	NULL,	NULL,	NULL,	NULL,	NULL,	NULL,	NULL,	NULL,	NULL),
(105,	NULL,	'[{\"id\":2,\"name\":\"Elektrické nářadí\"}]',	'Vrtačka úhlová DA3010F  MAKITA',	NULL,	NULL,	'222075E/2016',	NULL,	NULL,	'2017',	NULL,	NULL,	'[]',	'[]',	NULL,	NULL,	NULL,	NULL,	NULL,	NULL,	NULL,	NULL,	NULL,	NULL,	NULL),
(106,	NULL,	'[{\"id\":2,\"name\":\"Elektrické nářadí\"}]',	'Vrtačka úhlová GWI 10,8V-LI Profesional BOSCH – aku',	NULL,	NULL,	'989000545/2009',	NULL,	NULL,	'2011',	NULL,	NULL,	'[]',	'[]',	NULL,	NULL,	NULL,	NULL,	NULL,	NULL,	NULL,	NULL,	NULL,	NULL,	NULL),
(107,	NULL,	'[{\"id\":2,\"name\":\"Elektrické nářadí\"}]',	'Vrtačka el. 6413   MAKITA',	'0316',	NULL,	'00652277K/2014',	NULL,	NULL,	'2014',	NULL,	NULL,	'[]',	'[]',	NULL,	NULL,	NULL,	NULL,	NULL,	NULL,	NULL,	NULL,	NULL,	NULL,	NULL),
(108,	NULL,	'[{\"id\":2,\"name\":\"Elektrické nářadí\"}]',	'Vrtačka el. 6413   MAKITA',	'0326',	NULL,	'00456317K/2012',	NULL,	NULL,	'2013',	NULL,	NULL,	'[]',	'[]',	NULL,	NULL,	NULL,	NULL,	NULL,	NULL,	NULL,	NULL,	NULL,	NULL,	NULL),
(109,	NULL,	'[{\"id\":2,\"name\":\"Elektrické nářadí\"}]',	'Vrtačka el. 6413   MAKITA',	NULL,	NULL,	'00677021K/2014',	NULL,	NULL,	'2014',	NULL,	NULL,	'[]',	'[]',	NULL,	NULL,	NULL,	NULL,	NULL,	NULL,	NULL,	NULL,	NULL,	NULL,	NULL),
(110,	NULL,	'[{\"id\":2,\"name\":\"Elektrické nářadí\"}]',	'Vrtačka el. 6413   MAKITA',	NULL,	NULL,	'00823619K/2015',	NULL,	NULL,	'2016',	NULL,	NULL,	'[]',	'[]',	NULL,	NULL,	NULL,	NULL,	NULL,	NULL,	NULL,	NULL,	NULL,	NULL,	NULL),
(111,	NULL,	'[{\"id\":2,\"name\":\"Elektrické nářadí\"}]',	'Vrtačka el. 6413   MAKITA',	NULL,	NULL,	'00823620K/2015',	NULL,	NULL,	'2016',	NULL,	NULL,	'[]',	'[]',	NULL,	NULL,	NULL,	NULL,	NULL,	NULL,	NULL,	NULL,	NULL,	NULL,	NULL),
(112,	NULL,	'[{\"id\":2,\"name\":\"Elektrické nářadí\"}]',	'Vrtačka el. DP4010   MAKITA',	NULL,	NULL,	'51692 K',	NULL,	NULL,	'2017',	NULL,	NULL,	'[]',	'[]',	NULL,	NULL,	NULL,	NULL,	NULL,	NULL,	NULL,	NULL,	NULL,	NULL,	NULL),
(113,	NULL,	'[{\"id\":2,\"name\":\"Elektrické nářadí\"}]',	'Vrtačka el. DRP 13EQ  PROTOOL',	'0047',	NULL,	'001335/2001',	NULL,	NULL,	'2006',	NULL,	NULL,	'[]',	'[]',	NULL,	NULL,	NULL,	NULL,	NULL,	NULL,	NULL,	NULL,	NULL,	NULL,	NULL),
(114,	NULL,	'[{\"id\":2,\"name\":\"Elektrické nářadí\"}]',	'Vrtačka el. DRP 13ET  PROTOOL',	'0018',	NULL,	'006539/2001',	NULL,	NULL,	'2006',	NULL,	NULL,	'[]',	'[]',	NULL,	NULL,	NULL,	NULL,	NULL,	NULL,	NULL,	NULL,	NULL,	NULL,	NULL),
(115,	NULL,	'[{\"id\":2,\"name\":\"Elektrické nářadí\"}]',	'Vrtačka el. EV13 F-H3  NAREX',	'0065',	NULL,	'01207963/2004',	NULL,	NULL,	'2004',	NULL,	NULL,	'[]',	'[]',	NULL,	NULL,	NULL,	NULL,	NULL,	NULL,	NULL,	NULL,	NULL,	NULL,	NULL),
(116,	NULL,	'[{\"id\":2,\"name\":\"Elektrické nářadí\"}]',	'Vrtačka el. EV13 F-H3  NAREX',	'0064',	NULL,	'01215509/2004',	NULL,	NULL,	'2004',	NULL,	NULL,	'[]',	'[]',	NULL,	NULL,	NULL,	NULL,	NULL,	NULL,	NULL,	NULL,	NULL,	NULL,	NULL),
(117,	NULL,	'[{\"id\":2,\"name\":\"Elektrické nářadí\"}]',	'Vrtačka el. EV16  NAREX',	'0054',	NULL,	'01218701/2004',	NULL,	NULL,	'2004',	NULL,	NULL,	'[]',	'[]',	NULL,	NULL,	NULL,	NULL,	NULL,	NULL,	NULL,	NULL,	NULL,	NULL,	NULL),
(118,	NULL,	'[{\"id\":2,\"name\":\"Elektrické nářadí\"}]',	'Vrtačka el. EV13 E-2H3 NAREX',	'0063',	NULL,	'01253554/2004',	NULL,	NULL,	'2004',	NULL,	NULL,	'[]',	'[]',	NULL,	NULL,	NULL,	NULL,	NULL,	NULL,	NULL,	NULL,	NULL,	NULL,	NULL),
(119,	NULL,	'[{\"id\":2,\"name\":\"Elektrické nářadí\"}]',	'Vrtačka el. EV13 E-2H3 NAREX',	'0001',	NULL,	'01253555/2004',	NULL,	NULL,	'2004',	NULL,	NULL,	'[]',	'[]',	NULL,	NULL,	NULL,	NULL,	NULL,	NULL,	NULL,	NULL,	NULL,	NULL,	NULL),
(120,	NULL,	'[{\"id\":2,\"name\":\"Elektrické nářadí\"}]',	'Vrtačka el. EV13 E-2H3 NAREX',	'0042',	NULL,	'01253604/2004',	NULL,	NULL,	'2004',	NULL,	NULL,	'[]',	'[]',	NULL,	NULL,	NULL,	NULL,	NULL,	NULL,	NULL,	NULL,	NULL,	NULL,	NULL),
(121,	NULL,	'[{\"id\":2,\"name\":\"Elektrické nářadí\"}]',	'Vrtačka el. EVP13 E-2H3 NAREX',	'0034',	NULL,	'01258325/2004',	NULL,	NULL,	'2004',	NULL,	NULL,	'[]',	'[]',	NULL,	NULL,	NULL,	NULL,	NULL,	NULL,	NULL,	NULL,	NULL,	NULL,	NULL),
(122,	NULL,	'[{\"id\":2,\"name\":\"Elektrické nářadí\"}]',	'Vrtačka el. EV13 E-2H3 NAREX',	'0008',	NULL,	'01334402/2005',	NULL,	NULL,	'2005',	NULL,	NULL,	'[]',	'[]',	NULL,	NULL,	NULL,	NULL,	NULL,	NULL,	NULL,	NULL,	NULL,	NULL,	NULL),
(123,	NULL,	'[{\"id\":2,\"name\":\"Elektrické nářadí\"}]',	'Vrtačka el. EV13 E-2H3 NAREX',	'0025',	NULL,	'01334425/2005',	NULL,	NULL,	'2005',	NULL,	NULL,	'[]',	'[]',	NULL,	NULL,	NULL,	NULL,	NULL,	NULL,	NULL,	NULL,	NULL,	NULL,	NULL),
(124,	NULL,	'[{\"id\":2,\"name\":\"Elektrické nářadí\"}]',	'Vrtačka el. EV13 E-2H3 NAREX',	'0030',	NULL,	'01376170/2004',	NULL,	NULL,	'2006',	NULL,	NULL,	'[]',	'[]',	NULL,	NULL,	NULL,	NULL,	NULL,	NULL,	NULL,	NULL,	NULL,	NULL,	NULL),
(125,	NULL,	'[{\"id\":2,\"name\":\"Elektrické nářadí\"}]',	'Vrtačka el. DRP 13E PROTOOL',	'0066',	NULL,	'600475/2006',	NULL,	NULL,	'2006',	NULL,	NULL,	'[]',	'[]',	NULL,	NULL,	NULL,	NULL,	NULL,	NULL,	NULL,	NULL,	NULL,	NULL,	NULL),
(126,	NULL,	'[{\"id\":2,\"name\":\"Elektrické nářadí\"}]',	'Vrtačka pravoúhlá Aku. DCD740   DEWALT',	NULL,	NULL,	'108800',	NULL,	NULL,	'2017',	NULL,	NULL,	'[]',	'[]',	NULL,	NULL,	NULL,	NULL,	NULL,	NULL,	NULL,	NULL,	NULL,	NULL,	NULL),
(127,	NULL,	'[{\"id\":2,\"name\":\"Elektrické nářadí\"}]',	'Vrtačka příklepová EVP 13 H-2 CA     NAREX',	NULL,	NULL,	'37712877 763320',	NULL,	NULL,	'2017',	NULL,	NULL,	'[]',	'[]',	NULL,	NULL,	NULL,	NULL,	NULL,	NULL,	NULL,	NULL,	NULL,	NULL,	NULL),
(128,	NULL,	'[{\"id\":2,\"name\":\"Elektrické nářadí\"}]',	'Vrtačka Aku.  BS 18-A EC COMPACT   WÜRTH',	NULL,	NULL,	'988495370928021896',	NULL,	NULL,	'2018',	NULL,	NULL,	'[]',	'[]',	NULL,	NULL,	NULL,	NULL,	NULL,	NULL,	NULL,	NULL,	NULL,	NULL,	NULL),
(129,	NULL,	'[{\"id\":2,\"name\":\"Elektrické nářadí\"}]',	'Vrtačka Aku.  BS 18-A EC COMPACT   WÜRTH',	NULL,	NULL,	'988495370928016007',	NULL,	NULL,	'2018',	NULL,	NULL,	'[]',	'[]',	NULL,	NULL,	NULL,	NULL,	NULL,	NULL,	NULL,	NULL,	NULL,	NULL,	NULL),
(130,	NULL,	'[{\"id\":2,\"name\":\"Elektrické nářadí\"}]',	'Vrtačka Aku.  BS 18-A EC COMPACT   WÜRTH',	NULL,	NULL,	'988495370928022398',	NULL,	NULL,	'2018',	NULL,	NULL,	'[]',	'[]',	NULL,	NULL,	NULL,	NULL,	NULL,	NULL,	NULL,	NULL,	NULL,	NULL,	NULL),
(131,	NULL,	'[{\"id\":2,\"name\":\"Elektrické nářadí\"}]',	'Vrtačka Aku.  BS 18-A EC COMPACT   WÜRTH',	NULL,	NULL,	'9884953707280102811',	NULL,	NULL,	'2018',	NULL,	NULL,	'[]',	'[]',	NULL,	NULL,	NULL,	NULL,	NULL,	NULL,	NULL,	NULL,	NULL,	NULL,	NULL),
(132,	NULL,	'[{\"id\":2,\"name\":\"Elektrické nářadí\"}]',	'Vrtačka Aku.  BS 18-A EC COMPACT   WÜRTH',	NULL,	NULL,	'988495370728008998',	NULL,	NULL,	'2018',	NULL,	NULL,	'[]',	'[]',	NULL,	NULL,	NULL,	NULL,	NULL,	NULL,	NULL,	NULL,	NULL,	NULL,	NULL),
(133,	NULL,	'[{\"id\":2,\"name\":\"Elektrické nářadí\"}]',	'Šroubovák el. ASse636  KINETIK',	'0057',	NULL,	'1998 85.00253',	NULL,	NULL,	'2004',	NULL,	NULL,	'[]',	'[]',	NULL,	NULL,	NULL,	NULL,	NULL,	NULL,	NULL,	NULL,	NULL,	NULL,	NULL),
(134,	NULL,	'[{\"id\":2,\"name\":\"Elektrické nářadí\"}]',	'Šroubovák Aku. ABS 12V FEIN',	NULL,	NULL,	'0305 (inv.č.)',	NULL,	NULL,	'2006',	NULL,	NULL,	'[]',	'[]',	NULL,	NULL,	NULL,	NULL,	NULL,	NULL,	NULL,	NULL,	NULL,	NULL,	NULL),
(135,	NULL,	'[{\"id\":2,\"name\":\"Elektrické nářadí\"}]',	'Šroubovák Aku. ABS 12V FEIN',	NULL,	NULL,	'0405 (inv.č.)',	NULL,	NULL,	'2006',	NULL,	NULL,	'[]',	'[]',	NULL,	NULL,	NULL,	NULL,	NULL,	NULL,	NULL,	NULL,	NULL,	NULL,	NULL),
(136,	NULL,	'[{\"id\":2,\"name\":\"Elektrické nářadí\"}]',	'Šroubovák Aku. ABS 14V FEIN',	NULL,	NULL,	'37633 (inv.č.)',	NULL,	NULL,	'2010',	NULL,	NULL,	'[]',	'[]',	NULL,	NULL,	NULL,	NULL,	NULL,	NULL,	NULL,	NULL,	NULL,	NULL,	NULL),
(137,	NULL,	'[{\"id\":2,\"name\":\"Elektrické nářadí\"}]',	'Šroubovák Aku. ABS 14V FEIN',	NULL,	NULL,	'37628 (inv.č.)',	NULL,	NULL,	'2010',	NULL,	NULL,	'[]',	'[]',	NULL,	NULL,	NULL,	NULL,	NULL,	NULL,	NULL,	NULL,	NULL,	NULL,	NULL),
(138,	NULL,	'[{\"id\":2,\"name\":\"Elektrické nářadí\"}]',	'Šroubovák Aku. ABS 14V FEIN',	NULL,	NULL,	'37541 (inv.č.)',	NULL,	NULL,	'2010',	NULL,	NULL,	'[]',	'[]',	NULL,	NULL,	NULL,	NULL,	NULL,	NULL,	NULL,	NULL,	NULL,	NULL,	NULL),
(139,	NULL,	'[{\"id\":2,\"name\":\"Elektrické nářadí\"}]',	'Šroubovák Aku. ABS 14V FEIN',	NULL,	NULL,	'37507 (inv.č.)',	NULL,	NULL,	'2010',	NULL,	NULL,	'[]',	'[]',	NULL,	NULL,	NULL,	NULL,	NULL,	NULL,	NULL,	NULL,	NULL,	NULL,	NULL),
(140,	NULL,	'[{\"id\":2,\"name\":\"Elektrické nářadí\"}]',	'Šroubovák Aku. ASV 12E NAREX',	NULL,	NULL,	'05213649/630937/2005',	NULL,	NULL,	'2006',	NULL,	NULL,	'[]',	'[]',	NULL,	NULL,	NULL,	NULL,	NULL,	NULL,	NULL,	NULL,	NULL,	NULL,	NULL),
(141,	NULL,	'[{\"id\":2,\"name\":\"Elektrické nářadí\"}]',	'Šroubovák Aku. GSR 12V BOSCH',	NULL,	NULL,	'391124868/090602/2003',	NULL,	NULL,	'2004',	NULL,	NULL,	'[]',	'[]',	NULL,	NULL,	NULL,	NULL,	NULL,	NULL,	NULL,	NULL,	NULL,	NULL,	NULL),
(142,	NULL,	'[{\"id\":2,\"name\":\"Elektrické nářadí\"}]',	'Šroubovák Aku. DC743 DEWALT',	NULL,	NULL,	'183566',	NULL,	NULL,	'2008',	NULL,	NULL,	'[]',	'[]',	NULL,	NULL,	NULL,	NULL,	NULL,	NULL,	NULL,	NULL,	NULL,	NULL,	NULL),
(143,	NULL,	'[{\"id\":2,\"name\":\"Elektrické nářadí\"}]',	'Šroubovák Aku. DC743 DEWALT',	NULL,	NULL,	'111538',	NULL,	NULL,	'2008',	NULL,	NULL,	'[]',	'[]',	NULL,	NULL,	NULL,	NULL,	NULL,	NULL,	NULL,	NULL,	NULL,	NULL,	NULL),
(144,	NULL,	'[{\"id\":2,\"name\":\"Elektrické nářadí\"}]',	'Šroubovák Aku. DC743 DEWALT',	NULL,	NULL,	'183553',	NULL,	NULL,	'2008',	NULL,	NULL,	'[]',	'[]',	NULL,	NULL,	NULL,	NULL,	NULL,	NULL,	NULL,	NULL,	NULL,	NULL,	NULL),
(145,	NULL,	'[{\"id\":2,\"name\":\"Elektrické nářadí\"}]',	'Šroubovák Aku. DC743 DEWALT',	NULL,	NULL,	'080824',	NULL,	NULL,	'2008',	NULL,	NULL,	'[]',	'[]',	NULL,	NULL,	NULL,	NULL,	NULL,	NULL,	NULL,	NULL,	NULL,	NULL,	NULL),
(146,	NULL,	'[{\"id\":2,\"name\":\"Elektrické nářadí\"}]',	'Šroubovák Aku. DC743 DEWALT',	NULL,	NULL,	'080815',	NULL,	NULL,	'2008',	NULL,	NULL,	'[]',	'[]',	NULL,	NULL,	NULL,	NULL,	NULL,	NULL,	NULL,	NULL,	NULL,	NULL,	NULL),
(147,	NULL,	'[{\"id\":2,\"name\":\"Elektrické nářadí\"}]',	'Šroubovák Aku. DC743 DEWALT',	NULL,	NULL,	'080810',	NULL,	NULL,	'2008',	NULL,	NULL,	'[]',	'[]',	NULL,	NULL,	NULL,	NULL,	NULL,	NULL,	NULL,	NULL,	NULL,	NULL,	NULL),
(148,	NULL,	'[{\"id\":2,\"name\":\"Elektrické nářadí\"}]',	'Šroubovák Aku. DC743 DEWALT',	NULL,	NULL,	'183562',	NULL,	NULL,	'2008',	NULL,	NULL,	'[]',	'[]',	NULL,	NULL,	NULL,	NULL,	NULL,	NULL,	NULL,	NULL,	NULL,	NULL,	NULL),
(149,	NULL,	'[{\"id\":2,\"name\":\"Elektrické nářadí\"}]',	'Šroubovák Aku. DC743 DEWALT',	NULL,	NULL,	'162243',	NULL,	NULL,	'2008',	NULL,	NULL,	'[]',	'[]',	NULL,	NULL,	NULL,	NULL,	NULL,	NULL,	NULL,	NULL,	NULL,	NULL,	NULL),
(150,	NULL,	'[{\"id\":2,\"name\":\"Elektrické nářadí\"}]',	'Šroubovák Aku. DC743 DEWALT',	NULL,	NULL,	'061333/2011',	NULL,	NULL,	'2011',	NULL,	NULL,	'[]',	'[]',	NULL,	NULL,	NULL,	NULL,	NULL,	NULL,	NULL,	NULL,	NULL,	NULL,	NULL),
(151,	NULL,	'[{\"id\":2,\"name\":\"Elektrické nářadí\"}]',	'Šroubovák Aku. DC743 DEWALT',	NULL,	NULL,	'140056/2011',	NULL,	NULL,	'2011',	NULL,	NULL,	'[]',	'[]',	NULL,	NULL,	NULL,	NULL,	NULL,	NULL,	NULL,	NULL,	NULL,	NULL,	NULL),
(152,	NULL,	'[{\"id\":2,\"name\":\"Elektrické nářadí\"}]',	'Šroubovák Aku. DC743 DEWALT',	NULL,	NULL,	'140014/2011',	NULL,	NULL,	'2011',	NULL,	NULL,	'[]',	'[]',	NULL,	NULL,	NULL,	NULL,	NULL,	NULL,	NULL,	NULL,	NULL,	NULL,	NULL),
(153,	NULL,	'[{\"id\":2,\"name\":\"Elektrické nářadí\"}]',	'Šroubovák Aku. DC743 DEWALT',	NULL,	NULL,	'140023/2011',	NULL,	NULL,	'2011',	NULL,	NULL,	'[]',	'[]',	NULL,	NULL,	NULL,	NULL,	NULL,	NULL,	NULL,	NULL,	NULL,	NULL,	NULL),
(154,	NULL,	'[{\"id\":2,\"name\":\"Elektrické nářadí\"}]',	'Šroubovák Aku. DC743 DEWALT',	NULL,	NULL,	'641312/2010',	NULL,	NULL,	'2013',	NULL,	NULL,	'[]',	'[]',	NULL,	NULL,	NULL,	NULL,	NULL,	NULL,	NULL,	NULL,	NULL,	NULL,	NULL),
(155,	NULL,	'[{\"id\":2,\"name\":\"Elektrické nářadí\"}]',	'Šroubovák Aku. DC743 DEWALT',	NULL,	NULL,	'984107/2011',	NULL,	NULL,	'2013',	NULL,	NULL,	'[]',	'[]',	NULL,	NULL,	NULL,	NULL,	NULL,	NULL,	NULL,	NULL,	NULL,	NULL,	NULL),
(156,	NULL,	'[{\"id\":2,\"name\":\"Elektrické nářadí\"}]',	'Šroubovák Aku. DC740 K2   DEWALT',	NULL,	NULL,	'049825',	NULL,	NULL,	'2012',	NULL,	NULL,	'[]',	'[]',	NULL,	NULL,	NULL,	NULL,	NULL,	NULL,	NULL,	NULL,	NULL,	NULL,	NULL),
(157,	NULL,	'[{\"id\":2,\"name\":\"Elektrické nářadí\"}]',	'Šroubovák Aku. úhlový DCD740C1    DEWALT',	NULL,	NULL,	'102333/2012',	NULL,	NULL,	'2012',	NULL,	NULL,	'[]',	'[]',	NULL,	NULL,	NULL,	NULL,	NULL,	NULL,	NULL,	NULL,	NULL,	NULL,	NULL),
(158,	NULL,	'[{\"id\":2,\"name\":\"Elektrické nářadí\"}]',	'Šroubovák Aku. S 10-A WŰRTH',	NULL,	NULL,	'988495331216003192',	NULL,	NULL,	'2014',	NULL,	NULL,	'[]',	'[]',	NULL,	NULL,	NULL,	NULL,	NULL,	NULL,	NULL,	NULL,	NULL,	NULL,	NULL),
(159,	NULL,	'[{\"id\":2,\"name\":\"Elektrické nářadí\"}]',	'Šroubovák Aku. BS 14-A LIGHT  WŰRTH ',	NULL,	NULL,	'988495340924010897',	NULL,	NULL,	'2015',	NULL,	NULL,	'[]',	'[]',	NULL,	NULL,	NULL,	NULL,	NULL,	NULL,	NULL,	NULL,	NULL,	NULL,	NULL),
(160,	NULL,	'[{\"id\":2,\"name\":\"Elektrické nářadí\"}]',	'Šroubovák Aku. BS 18-A Compact   WŰRTH ',	NULL,	NULL,	'9884495340219028194',	NULL,	NULL,	'2014',	NULL,	NULL,	'[]',	'[]',	NULL,	NULL,	NULL,	NULL,	NULL,	NULL,	NULL,	NULL,	NULL,	NULL,	NULL),
(161,	NULL,	'[{\"id\":2,\"name\":\"Elektrické nářadí\"}]',	'Šroubovák Aku. BS 18-A Compact   WŰRTH ',	NULL,	NULL,	'9884495340219009957',	NULL,	NULL,	'2014',	NULL,	NULL,	'[]',	'[]',	NULL,	NULL,	NULL,	NULL,	NULL,	NULL,	NULL,	NULL,	NULL,	NULL,	NULL),
(162,	NULL,	'[{\"id\":2,\"name\":\"Elektrické nářadí\"}]',	'Šroubovák Aku. BS 18-A Compact   WŰRTH ',	NULL,	NULL,	'9884495340219028231',	NULL,	NULL,	'2014',	NULL,	NULL,	'[]',	'[]',	NULL,	NULL,	NULL,	NULL,	NULL,	NULL,	NULL,	NULL,	NULL,	NULL,	NULL),
(163,	NULL,	'[{\"id\":2,\"name\":\"Elektrické nářadí\"}]',	'Šroubovák Aku. BS 18-A Compact   WŰRTH ',	NULL,	NULL,	'9884495340219028743',	NULL,	NULL,	'2014',	NULL,	NULL,	'[]',	'[]',	NULL,	NULL,	NULL,	NULL,	NULL,	NULL,	NULL,	NULL,	NULL,	NULL,	NULL),
(164,	NULL,	'[{\"id\":2,\"name\":\"Elektrické nářadí\"}]',	'Šroubovák Aku. BS 18-A Compact   WŰRTH ',	NULL,	NULL,	'9884495340219028378',	NULL,	NULL,	'2014',	NULL,	NULL,	'[]',	'[]',	NULL,	NULL,	NULL,	NULL,	NULL,	NULL,	NULL,	NULL,	NULL,	NULL,	NULL),
(165,	NULL,	'[{\"id\":2,\"name\":\"Elektrické nářadí\"}]',	'Šroubovák Aku. BS 18-A Compact   WŰRTH ',	NULL,	NULL,	'9884495340219028590',	NULL,	NULL,	'2014',	NULL,	NULL,	'[]',	'[]',	NULL,	NULL,	NULL,	NULL,	NULL,	NULL,	NULL,	NULL,	NULL,	NULL,	NULL),
(166,	NULL,	'[{\"id\":2,\"name\":\"Elektrické nářadí\"}]',	'Šroubovák Aku. BS 18-A Compact   WŰRTH ',	NULL,	NULL,	'9884495340219028729',	NULL,	NULL,	'2014',	NULL,	NULL,	'[]',	'[]',	NULL,	NULL,	NULL,	NULL,	NULL,	NULL,	NULL,	NULL,	NULL,	NULL,	NULL),
(167,	NULL,	'[{\"id\":2,\"name\":\"Elektrické nářadí\"}]',	'Šroubovák Aku. BS 18-A Compact   WŰRTH ',	NULL,	NULL,	'988495340219028316',	NULL,	NULL,	'2014',	NULL,	NULL,	'[]',	'[]',	NULL,	NULL,	NULL,	NULL,	NULL,	NULL,	NULL,	NULL,	NULL,	NULL,	NULL),
(168,	NULL,	'[{\"id\":2,\"name\":\"Elektrické nářadí\"}]',	'Šroubovák Aku. DCD778     DEWALT',	NULL,	NULL,	'005236',	NULL,	NULL,	'2017',	NULL,	NULL,	'[]',	'[]',	NULL,	NULL,	NULL,	NULL,	NULL,	NULL,	NULL,	NULL,	NULL,	NULL,	NULL),
(169,	NULL,	'[{\"id\":2,\"name\":\"Elektrické nářadí\"}]',	'Nabíječka DE9116 DEWALT',	NULL,	NULL,	'03200807DBF/2008',	NULL,	NULL,	'2008',	NULL,	NULL,	'[]',	'[]',	NULL,	NULL,	NULL,	NULL,	NULL,	NULL,	NULL,	NULL,	NULL,	NULL,	NULL),
(170,	NULL,	'[{\"id\":2,\"name\":\"Elektrické nářadí\"}]',	'Nabíječka DE9116 DEWALT',	'0021',	NULL,	'200823DBF/2008',	NULL,	NULL,	'2008',	NULL,	NULL,	'[]',	'[]',	NULL,	NULL,	NULL,	NULL,	NULL,	NULL,	NULL,	NULL,	NULL,	NULL,	NULL),
(171,	NULL,	'[{\"id\":2,\"name\":\"Elektrické nářadí\"}]',	'Nabíječka DE9116 DEWALT',	'0022',	NULL,	'200815DBF/2008',	NULL,	NULL,	'2008',	NULL,	NULL,	'[]',	'[]',	NULL,	NULL,	NULL,	NULL,	NULL,	NULL,	NULL,	NULL,	NULL,	NULL,	NULL),
(172,	NULL,	'[{\"id\":2,\"name\":\"Elektrické nářadí\"}]',	'Nabíječka DE9116 DEWALT',	'0017',	NULL,	'01200807DBF/2008',	NULL,	NULL,	'2008',	NULL,	NULL,	'[]',	'[]',	NULL,	NULL,	NULL,	NULL,	NULL,	NULL,	NULL,	NULL,	NULL,	NULL,	NULL),
(173,	NULL,	'[{\"id\":2,\"name\":\"Elektrické nářadí\"}]',	'Nabíječka DE9116 DEWALT',	'0010',	NULL,	'05200819DBF/2008',	NULL,	NULL,	'2008',	NULL,	NULL,	'[]',	'[]',	NULL,	NULL,	NULL,	NULL,	NULL,	NULL,	NULL,	NULL,	NULL,	NULL,	NULL),
(174,	NULL,	'[{\"id\":2,\"name\":\"Elektrické nářadí\"}]',	'Nabíječka DE9116 DEWALT',	'0038',	NULL,	'02200807DBF/2008',	NULL,	NULL,	'2008',	NULL,	NULL,	'[]',	'[]',	NULL,	NULL,	NULL,	NULL,	NULL,	NULL,	NULL,	NULL,	NULL,	NULL,	NULL),
(175,	NULL,	'[{\"id\":2,\"name\":\"Elektrické nářadí\"}]',	'Nabíječka DE9116 DEWALT',	NULL,	NULL,	'200809DBF/2008',	NULL,	NULL,	'2008',	NULL,	NULL,	'[]',	'[]',	NULL,	NULL,	NULL,	NULL,	NULL,	NULL,	NULL,	NULL,	NULL,	NULL,	NULL),
(176,	NULL,	'[{\"id\":2,\"name\":\"Elektrické nářadí\"}]',	'Nabíječka DE9116 DEWALT',	NULL,	NULL,	'04200819DBF/2008',	NULL,	NULL,	'2008',	NULL,	NULL,	'[]',	'[]',	NULL,	NULL,	NULL,	NULL,	NULL,	NULL,	NULL,	NULL,	NULL,	NULL,	NULL),
(177,	NULL,	'[{\"id\":2,\"name\":\"Elektrické nářadí\"}]',	'Nabíječka DE9116 DEWALT',	NULL,	NULL,	'201137DB/2011',	NULL,	NULL,	'2011',	NULL,	NULL,	'[]',	'[]',	NULL,	NULL,	NULL,	NULL,	NULL,	NULL,	NULL,	NULL,	NULL,	NULL,	NULL),
(178,	NULL,	'[{\"id\":2,\"name\":\"Elektrické nářadí\"}]',	'Nabíječka DE9116 DEWALT',	NULL,	NULL,	'201114DB/2011',	NULL,	NULL,	'2011',	NULL,	NULL,	'[]',	'[]',	NULL,	NULL,	NULL,	NULL,	NULL,	NULL,	NULL,	NULL,	NULL,	NULL,	NULL),
(179,	NULL,	'[{\"id\":2,\"name\":\"Elektrické nářadí\"}]',	'Nabíječka DE9116 DEWALT',	NULL,	NULL,	'01201137DB/2011',	NULL,	NULL,	'2011',	NULL,	NULL,	'[]',	'[]',	NULL,	NULL,	NULL,	NULL,	NULL,	NULL,	NULL,	NULL,	NULL,	NULL,	NULL),
(180,	NULL,	'[{\"id\":2,\"name\":\"Elektrické nářadí\"}]',	'Nabíječka DE9116 DEWALT',	NULL,	NULL,	'02201137DB/2011',	NULL,	NULL,	'2011',	NULL,	NULL,	'[]',	'[]',	NULL,	NULL,	NULL,	NULL,	NULL,	NULL,	NULL,	NULL,	NULL,	NULL,	NULL),
(181,	NULL,	'[{\"id\":2,\"name\":\"Elektrické nářadí\"}]',	'Nabíječka DE9116 DEWALT',	'0323',	NULL,	'200949DB/2010',	NULL,	NULL,	'2013',	NULL,	NULL,	'[]',	'[]',	NULL,	NULL,	NULL,	NULL,	NULL,	NULL,	NULL,	NULL,	NULL,	NULL,	NULL),
(182,	NULL,	'[{\"id\":2,\"name\":\"Elektrické nářadí\"}]',	'Nabíječka DE9116 DEWALT',	'0315',	NULL,	'200934DB/2009',	NULL,	NULL,	'2012',	NULL,	NULL,	'[]',	'[]',	NULL,	NULL,	NULL,	NULL,	NULL,	NULL,	NULL,	NULL,	NULL,	NULL,	NULL),
(183,	NULL,	'[{\"id\":2,\"name\":\"Elektrické nářadí\"}]',	'Nabíječka DE9116 DEWALT',	NULL,	NULL,	'201051DB/2011',	NULL,	NULL,	'2013',	NULL,	NULL,	'[]',	'[]',	NULL,	NULL,	NULL,	NULL,	NULL,	NULL,	NULL,	NULL,	NULL,	NULL,	NULL),
(184,	NULL,	'[{\"id\":2,\"name\":\"Elektrické nářadí\"}]',	'Nabíječka DCB105 DEWALT',	'0313',	NULL,	'201240DB',	NULL,	NULL,	'2012',	NULL,	NULL,	'[]',	'[]',	NULL,	NULL,	NULL,	NULL,	NULL,	NULL,	NULL,	NULL,	NULL,	NULL,	NULL),
(185,	NULL,	'[{\"id\":2,\"name\":\"Elektrické nářadí\"}]',	'Nabíječka DCB115 DEWALT',	NULL,	NULL,	'201733PQ',	NULL,	NULL,	'2017',	NULL,	NULL,	'[]',	'[]',	NULL,	NULL,	NULL,	NULL,	NULL,	NULL,	NULL,	NULL,	NULL,	NULL,	NULL),
(186,	NULL,	'[{\"id\":2,\"name\":\"Elektrické nářadí\"}]',	'Nabíječka ALG 20  FEIN',	'0024',	NULL,	'0305',	NULL,	NULL,	'2006',	NULL,	NULL,	'[]',	'[]',	NULL,	NULL,	NULL,	NULL,	NULL,	NULL,	NULL,	NULL,	NULL,	NULL,	NULL),
(187,	NULL,	'[{\"id\":2,\"name\":\"Elektrické nářadí\"}]',	'Nabíječka ALG 20  FEIN',	'0011',	NULL,	'0602',	NULL,	NULL,	'2010',	NULL,	NULL,	'[]',	'[]',	NULL,	NULL,	NULL,	NULL,	NULL,	NULL,	NULL,	NULL,	NULL,	NULL,	NULL),
(188,	NULL,	'[{\"id\":2,\"name\":\"Elektrické nářadí\"}]',	'Nabíječka ALG 20  FEIN',	'0037',	NULL,	'011104',	NULL,	NULL,	'2010',	NULL,	NULL,	'[]',	'[]',	NULL,	NULL,	NULL,	NULL,	NULL,	NULL,	NULL,	NULL,	NULL,	NULL,	NULL),
(189,	NULL,	'[{\"id\":2,\"name\":\"Elektrické nářadí\"}]',	'Nabíječka ALG 20  FEIN',	NULL,	NULL,	'1004',	NULL,	NULL,	'2010',	NULL,	NULL,	'[]',	'[]',	NULL,	NULL,	NULL,	NULL,	NULL,	NULL,	NULL,	NULL,	NULL,	NULL,	NULL),
(190,	NULL,	'[{\"id\":2,\"name\":\"Elektrické nářadí\"}]',	'Nabíječka ALG 20  FEIN',	'0036',	NULL,	'021104',	NULL,	NULL,	'2010',	NULL,	NULL,	'[]',	'[]',	NULL,	NULL,	NULL,	NULL,	NULL,	NULL,	NULL,	NULL,	NULL,	NULL,	NULL),
(191,	NULL,	'[{\"id\":2,\"name\":\"Elektrické nářadí\"}]',	'Nabíječka AN 12E NAREX',	'0023',	NULL,	'05213649/2005',	NULL,	NULL,	'2006',	NULL,	NULL,	'[]',	'[]',	NULL,	NULL,	NULL,	NULL,	NULL,	NULL,	NULL,	NULL,	NULL,	NULL,	NULL),
(192,	NULL,	'[{\"id\":2,\"name\":\"Elektrické nářadí\"}]',	'Nabíječka  AL60DV -  BOSCH',	'0020',	NULL,	'386A/2003',	NULL,	NULL,	'2004',	NULL,	NULL,	'[]',	'[]',	NULL,	NULL,	NULL,	NULL,	NULL,	NULL,	NULL,	NULL,	NULL,	NULL,	NULL),
(193,	NULL,	'[{\"id\":2,\"name\":\"Elektrické nářadí\"}]',	'Nabíječka  AL1130CV -  BOSCH',	'0019',	NULL,	'891A/2008',	NULL,	NULL,	'2011',	NULL,	NULL,	'[]',	'[]',	NULL,	NULL,	NULL,	NULL,	NULL,	NULL,	NULL,	NULL,	NULL,	NULL,	NULL),
(194,	NULL,	'[{\"id\":2,\"name\":\"Elektrické nářadí\"}]',	'Nabíječka AL 30-LI      WŰRTH',	'0312',	NULL,	'2013P312A',	NULL,	NULL,	'2014',	NULL,	NULL,	'[]',	'[]',	NULL,	NULL,	NULL,	NULL,	NULL,	NULL,	NULL,	NULL,	NULL,	NULL,	NULL),
(195,	NULL,	'[{\"id\":2,\"name\":\"Elektrické nářadí\"}]',	'Nabíječka AL 60-CV-LI       WŰRTH',	NULL,	NULL,	'06/2014P406A',	NULL,	NULL,	'2015',	NULL,	NULL,	'[]',	'[]',	NULL,	NULL,	NULL,	NULL,	NULL,	NULL,	NULL,	NULL,	NULL,	NULL,	NULL),
(196,	NULL,	'[{\"id\":2,\"name\":\"Elektrické nářadí\"}]',	'Nabíječka AL 30-CV-LI      WŰRTH',	'0324',	NULL,	'2014P402A/1',	NULL,	NULL,	'2014',	NULL,	NULL,	'[]',	'[]',	NULL,	NULL,	NULL,	NULL,	NULL,	NULL,	NULL,	NULL,	NULL,	NULL,	NULL),
(197,	NULL,	'[{\"id\":2,\"name\":\"Elektrické nářadí\"}]',	'Nabíječka AL 30-CV-LI      WŰRTH',	NULL,	NULL,	'2014P402A/2',	NULL,	NULL,	'2014',	NULL,	NULL,	'[]',	'[]',	NULL,	NULL,	NULL,	NULL,	NULL,	NULL,	NULL,	NULL,	NULL,	NULL,	NULL),
(198,	NULL,	'[{\"id\":2,\"name\":\"Elektrické nářadí\"}]',	'Nabíječka AL 30-CV-LI      WŰRTH',	NULL,	NULL,	'2014P402A/3',	NULL,	NULL,	'2014',	NULL,	NULL,	'[]',	'[]',	NULL,	NULL,	NULL,	NULL,	NULL,	NULL,	NULL,	NULL,	NULL,	NULL,	NULL),
(199,	NULL,	'[{\"id\":2,\"name\":\"Elektrické nářadí\"}]',	'Nabíječka AL 30-CV-LI      WŰRTH',	NULL,	NULL,	'2014P402A/4',	NULL,	NULL,	'2014',	NULL,	NULL,	'[]',	'[]',	NULL,	NULL,	NULL,	NULL,	NULL,	NULL,	NULL,	NULL,	NULL,	NULL,	NULL),
(200,	NULL,	'[{\"id\":2,\"name\":\"Elektrické nářadí\"}]',	'Nabíječka AL 30-CV-LI      WŰRTH',	NULL,	NULL,	'2014P402A/5',	NULL,	NULL,	'2014',	NULL,	NULL,	'[]',	'[]',	NULL,	NULL,	NULL,	NULL,	NULL,	NULL,	NULL,	NULL,	NULL,	NULL,	NULL),
(201,	NULL,	'[{\"id\":2,\"name\":\"Elektrické nářadí\"}]',	'Nabíječka AL 30-CV-LI      WŰRTH',	NULL,	NULL,	'2014P402A/6',	NULL,	NULL,	'2014',	NULL,	NULL,	'[]',	'[]',	NULL,	NULL,	NULL,	NULL,	NULL,	NULL,	NULL,	NULL,	NULL,	NULL,	NULL),
(202,	NULL,	'[{\"id\":2,\"name\":\"Elektrické nářadí\"}]',	'Nabíječka AL 30-CV-LI      WŰRTH',	NULL,	NULL,	'03/2014P403A',	NULL,	NULL,	'2014',	NULL,	NULL,	'[]',	'[]',	NULL,	NULL,	NULL,	NULL,	NULL,	NULL,	NULL,	NULL,	NULL,	NULL,	NULL),
(203,	NULL,	'[{\"id\":2,\"name\":\"Elektrické nářadí\"}]',	'Nabíječka AL 30-CV-LI      WŰRTH',	NULL,	NULL,	'2014P403A',	NULL,	NULL,	'2014',	NULL,	NULL,	'[]',	'[]',	NULL,	NULL,	NULL,	NULL,	NULL,	NULL,	NULL,	NULL,	NULL,	NULL,	NULL),
(204,	NULL,	'[{\"id\":2,\"name\":\"Elektrické nářadí\"}]',	'Nabíječka  DEWALT',	NULL,	NULL,	NULL,	NULL,	NULL,	'2017',	NULL,	NULL,	'[]',	'[]',	NULL,	NULL,	NULL,	NULL,	NULL,	NULL,	NULL,	NULL,	NULL,	NULL,	NULL),
(205,	NULL,	'[{\"id\":2,\"name\":\"Elektrické nářadí\"}]',	'Nabíječka AL 30-CV-LI      WŰRTH',	NULL,	NULL,	'02/2017P702A/11',	NULL,	NULL,	'2018',	NULL,	NULL,	'[]',	'[]',	NULL,	NULL,	NULL,	NULL,	NULL,	NULL,	NULL,	NULL,	NULL,	NULL,	NULL),
(206,	NULL,	'[{\"id\":2,\"name\":\"Elektrické nářadí\"}]',	'Nabíječka AL 30-CV-LI      WŰRTH',	NULL,	NULL,	'02/2017P702A/2',	NULL,	NULL,	'2018',	NULL,	NULL,	'[]',	'[]',	NULL,	NULL,	NULL,	NULL,	NULL,	NULL,	NULL,	NULL,	NULL,	NULL,	NULL),
(207,	NULL,	'[{\"id\":2,\"name\":\"Elektrické nářadí\"}]',	'Sponkovačka 2P-J/ES-40 COMBI',	NULL,	NULL,	'8202051',	'pneu',	NULL,	'2008',	NULL,	NULL,	'[]',	'[]',	NULL,	NULL,	NULL,	NULL,	NULL,	NULL,	NULL,	NULL,	NULL,	NULL,	NULL),
(208,	NULL,	'[{\"id\":2,\"name\":\"Elektrické nářadí\"}]',	'Sponkovačka 2m-J/ES-32 COMBI',	NULL,	NULL,	'1202254',	'pneu',	NULL,	'2004',	NULL,	NULL,	'[]',	'[]',	NULL,	NULL,	NULL,	NULL,	NULL,	NULL,	NULL,	NULL,	NULL,	NULL,	NULL),
(209,	NULL,	'[{\"id\":2,\"name\":\"Elektrické nářadí\"}]',	'Pinkovačka TU-216-2330-E    BOSTITCH                           pneu',	NULL,	NULL,	'16032051QBK',	NULL,	NULL,	'2016',	NULL,	NULL,	'[]',	'[]',	NULL,	NULL,	NULL,	NULL,	NULL,	NULL,	NULL,	NULL,	NULL,	NULL,	NULL),
(210,	NULL,	'[{\"id\":2,\"name\":\"Elektrické nářadí\"}]',	'Pinkovačka TU-216-2330-E    BOSTITCH                           pneu',	NULL,	NULL,	'16032100QBK',	NULL,	NULL,	'2016',	NULL,	NULL,	'[]',	'[]',	NULL,	NULL,	NULL,	NULL,	NULL,	NULL,	NULL,	NULL,	NULL,	NULL,	NULL),
(211,	NULL,	'[{\"id\":8,\"name\":\"Hasící zařízení\"}]',	'Tlaková nádoba – CO2/20kg',	NULL,	NULL,	NULL,	NULL,	NULL,	'2016',	NULL,	NULL,	'[]',	'[]',	NULL,	NULL,	NULL,	NULL,	NULL,	NULL,	NULL,	NULL,	NULL,	NULL,	NULL),
(212,	'Kučera',	'[{\"id\":8,\"name\":\"Hasící zařízení\"}]',	'Hasicí přístroj - auto 2J6 4409',	NULL,	NULL,	'26107/07',	NULL,	NULL,	NULL,	NULL,	NULL,	'[]',	'[]',	NULL,	NULL,	NULL,	NULL,	NULL,	NULL,	NULL,	NULL,	NULL,	NULL,	NULL),
(213,	'Kučera',	'[{\"id\":8,\"name\":\"Hasící zařízení\"}]',	'Hasicí přístroj - sklad odsávání',	NULL,	NULL,	'18331/05',	NULL,	NULL,	NULL,	NULL,	NULL,	'[]',	'[]',	NULL,	NULL,	NULL,	NULL,	NULL,	NULL,	NULL,	NULL,	NULL,	NULL,	NULL),
(214,	'Kučera',	'[{\"id\":8,\"name\":\"Hasící zařízení\"}]',	'Hasicí přístroj - sklad hořlavin kapal',	NULL,	NULL,	'929163/04',	NULL,	NULL,	NULL,	NULL,	NULL,	'[]',	'[]',	NULL,	NULL,	NULL,	NULL,	NULL,	NULL,	NULL,	NULL,	NULL,	NULL,	NULL),
(215,	'Kučera',	'[{\"id\":8,\"name\":\"Hasící zařízení\"}]',	'Hasicí přístroj - sklad hořlavin kapal',	NULL,	NULL,	'20549/04',	NULL,	NULL,	NULL,	NULL,	NULL,	'[]',	'[]',	NULL,	NULL,	NULL,	NULL,	NULL,	NULL,	NULL,	NULL,	NULL,	NULL,	NULL),
(216,	'Kučera',	'[{\"id\":8,\"name\":\"Hasící zařízení\"}]',	'Hasicí přístroj - sklad hořlavin kapal',	NULL,	NULL,	'26345/05',	NULL,	NULL,	NULL,	NULL,	NULL,	'[]',	'[]',	NULL,	NULL,	NULL,	NULL,	NULL,	NULL,	NULL,	NULL,	NULL,	NULL,	NULL),
(217,	'Kučera',	'[{\"id\":8,\"name\":\"Hasící zařízení\"}]',	'Hasicí přístroj - sklad hořlavin kapal',	NULL,	NULL,	'20390/04',	NULL,	NULL,	NULL,	NULL,	NULL,	'[]',	'[]',	NULL,	NULL,	NULL,	NULL,	NULL,	NULL,	NULL,	NULL,	NULL,	NULL,	NULL),
(218,	'Kučera',	'[{\"id\":8,\"name\":\"Hasící zařízení\"}]',	'Hasicí přístroj - šatna',	NULL,	NULL,	'20386/04',	NULL,	NULL,	NULL,	NULL,	NULL,	'[]',	'[]',	NULL,	NULL,	NULL,	NULL,	NULL,	NULL,	NULL,	NULL,	NULL,	NULL,	NULL),
(219,	'Kučera',	'[{\"id\":8,\"name\":\"Hasící zařízení\"}]',	'Hasicí přístroj - vstup',	NULL,	NULL,	'340620/04',	NULL,	NULL,	NULL,	NULL,	NULL,	'[]',	'[]',	NULL,	NULL,	NULL,	NULL,	NULL,	NULL,	NULL,	NULL,	NULL,	NULL,	NULL),
(220,	'Kučera',	'[{\"id\":8,\"name\":\"Hasící zařízení\"}]',	'Hasicí přístroj - vstup',	NULL,	NULL,	'15032/04',	NULL,	NULL,	NULL,	NULL,	NULL,	'[]',	'[]',	NULL,	NULL,	NULL,	NULL,	NULL,	NULL,	NULL,	NULL,	NULL,	NULL,	NULL),
(221,	'Kučera',	'[{\"id\":8,\"name\":\"Hasící zařízení\"}]',	'Hasicí přístroj - vrata',	NULL,	NULL,	'18319/05',	NULL,	NULL,	NULL,	NULL,	NULL,	'[]',	'[]',	NULL,	NULL,	NULL,	NULL,	NULL,	NULL,	NULL,	NULL,	NULL,	NULL,	NULL),
(222,	'Kučera',	'[{\"id\":8,\"name\":\"Hasící zařízení\"}]',	'Hasicí přístroj - vrata',	NULL,	NULL,	'785690/04',	NULL,	NULL,	NULL,	NULL,	NULL,	'[]',	'[]',	NULL,	NULL,	NULL,	NULL,	NULL,	NULL,	NULL,	NULL,	NULL,	NULL,	NULL),
(223,	'Kučera',	'[{\"id\":8,\"name\":\"Hasící zařízení\"}]',	'Hasicí přístroj - kompresor',	NULL,	NULL,	'107752/03',	NULL,	NULL,	NULL,	NULL,	NULL,	'[]',	'[]',	NULL,	NULL,	NULL,	NULL,	NULL,	NULL,	NULL,	NULL,	NULL,	NULL,	NULL),
(224,	'Kučera',	'[{\"id\":8,\"name\":\"Hasící zařízení\"}]',	'Hasicí přístroj - n. hala',	NULL,	NULL,	'016231/08',	NULL,	NULL,	NULL,	NULL,	NULL,	'[]',	'[]',	NULL,	NULL,	NULL,	NULL,	NULL,	NULL,	NULL,	NULL,	NULL,	NULL,	NULL),
(225,	'Kučera',	'[{\"id\":8,\"name\":\"Hasící zařízení\"}]',	'Hasicí přístroj - rozvaděč',	NULL,	NULL,	'70713/08',	NULL,	NULL,	NULL,	NULL,	NULL,	'[]',	'[]',	NULL,	NULL,	NULL,	NULL,	NULL,	NULL,	NULL,	NULL,	NULL,	NULL,	NULL),
(226,	'Kučera',	'[{\"id\":8,\"name\":\"Hasící zařízení\"}]',	'Hasicí přístroj - malá vrata',	NULL,	NULL,	'017526/08',	NULL,	NULL,	NULL,	NULL,	NULL,	'[]',	'[]',	NULL,	NULL,	NULL,	NULL,	NULL,	NULL,	NULL,	NULL,	NULL,	NULL,	NULL),
(227,	'Kučera',	'[{\"id\":8,\"name\":\"Hasící zařízení\"}]',	'Hasicí přístroj - kancelář',	NULL,	NULL,	'022127/08',	NULL,	NULL,	NULL,	NULL,	NULL,	'[]',	'[]',	NULL,	NULL,	NULL,	NULL,	NULL,	NULL,	NULL,	NULL,	NULL,	NULL,	NULL),
(228,	'Kučera',	'[{\"id\":8,\"name\":\"Hasící zařízení\"}]',	'Hasicí přístroj – CNC – TITAN',	NULL,	NULL,	'8151/09',	NULL,	NULL,	NULL,	NULL,	NULL,	'[]',	'[]',	NULL,	NULL,	NULL,	NULL,	NULL,	NULL,	NULL,	NULL,	NULL,	NULL,	NULL),
(229,	'Kučera',	'[{\"id\":8,\"name\":\"Hasící zařízení\"}]',	'Hasicí přístroj – CNC – TAURUS',	NULL,	NULL,	'0436/15',	NULL,	NULL,	NULL,	NULL,	NULL,	'[]',	'[]',	NULL,	NULL,	NULL,	NULL,	NULL,	NULL,	NULL,	NULL,	NULL,	NULL,	NULL),
(230,	'Kučera',	'[{\"id\":8,\"name\":\"Hasící zařízení\"}]',	'Hasicí přístroj – CNC – SCORPION',	NULL,	NULL,	'008731/16',	NULL,	NULL,	NULL,	NULL,	NULL,	'[]',	'[]',	NULL,	NULL,	NULL,	NULL,	NULL,	NULL,	NULL,	NULL,	NULL,	NULL,	NULL),
(231,	'Kučera',	'[{\"id\":8,\"name\":\"Hasící zařízení\"}]',	'Hasicí přístroj – CNC – SCORPION',	NULL,	NULL,	'008867/16',	NULL,	NULL,	NULL,	NULL,	NULL,	'[]',	'[]',	NULL,	NULL,	NULL,	NULL,	NULL,	NULL,	NULL,	NULL,	NULL,	NULL,	NULL),
(232,	'Kučera',	'[{\"id\":8,\"name\":\"Hasící zařízení\"}]',	'Hasicí přístroj – nabíječka, kovo',	NULL,	NULL,	'002757/16',	NULL,	NULL,	'2017',	NULL,	NULL,	'[]',	'[]',	NULL,	NULL,	NULL,	NULL,	NULL,	NULL,	NULL,	NULL,	NULL,	NULL,	NULL),
(233,	'Kučera',	'[{\"id\":8,\"name\":\"Hasící zařízení\"}]',	'Hasící přístroj – Volkswagen 6JO7236',	NULL,	NULL,	'02481/17',	NULL,	NULL,	'2017',	NULL,	NULL,	'[]',	'[]',	NULL,	NULL,	NULL,	NULL,	NULL,	NULL,	NULL,	NULL,	NULL,	NULL,	NULL),
(234,	NULL,	'[{\"id\":4,\"name\":\"Jeřáby, zdvihací zařízení, vozíky\"}]',	'Sklad – Vákuový portálový nakladač – KINETIK',	NULL,	NULL,	'K306-01/2015',	NULL,	NULL,	'2015',	NULL,	NULL,	'[]',	'[]',	NULL,	NULL,	NULL,	NULL,	NULL,	NULL,	NULL,	NULL,	NULL,	NULL,	NULL),
(235,	NULL,	'[{\"id\":4,\"name\":\"Jeřáby, zdvihací zařízení, vozíky\"}]',	'Sklad – Vákuový portálový nakladač – KINETIK – elektro',	NULL,	NULL,	'K306-01/2015',	NULL,	NULL,	'2015',	NULL,	NULL,	'[]',	'[]',	NULL,	NULL,	NULL,	NULL,	NULL,	NULL,	NULL,	NULL,	NULL,	NULL,	NULL),
(236,	NULL,	'[{\"id\":4,\"name\":\"Jeřáby, zdvihací zařízení, vozíky\"}]',	'Sklad – Zavážecí centrovací dopravník – KINETIK',	NULL,	NULL,	'K306-02/2015',	NULL,	NULL,	'2015',	NULL,	NULL,	'[]',	'[]',	NULL,	NULL,	NULL,	NULL,	NULL,	NULL,	NULL,	NULL,	NULL,	NULL,	NULL),
(237,	NULL,	'[{\"id\":4,\"name\":\"Jeřáby, zdvihací zařízení, vozíky\"}]',	'Sklad – Zavážecí centrovací dopravník – KINETIK – elektro',	NULL,	NULL,	'K306-02/2015',	NULL,	NULL,	'2015',	NULL,	NULL,	'[]',	'[]',	NULL,	NULL,	NULL,	NULL,	NULL,	NULL,	NULL,	NULL,	NULL,	NULL,	NULL),
(238,	NULL,	'[{\"id\":4,\"name\":\"Jeřáby, zdvihací zařízení, vozíky\"}]',	'Deník zdvihacího zařízení GIGA – 1',	NULL,	NULL,	NULL,	NULL,	NULL,	NULL,	NULL,	NULL,	'[]',	'[]',	NULL,	NULL,	NULL,	NULL,	NULL,	NULL,	NULL,	NULL,	NULL,	NULL,	NULL),
(239,	NULL,	'[{\"id\":4,\"name\":\"Jeřáby, zdvihací zařízení, vozíky\"}]',	'Deník zdvihacího zařízení GIGA – 2',	NULL,	NULL,	NULL,	NULL,	NULL,	NULL,	NULL,	NULL,	'[]',	'[]',	NULL,	NULL,	NULL,	NULL,	NULL,	NULL,	NULL,	NULL,	NULL,	NULL,	NULL),
(240,	NULL,	'[{\"id\":4,\"name\":\"Jeřáby, zdvihací zařízení, vozíky\"}]',	'Deník zdvihacího zařízení TRIOM',	NULL,	NULL,	NULL,	NULL,	NULL,	NULL,	NULL,	NULL,	'[]',	'[]',	NULL,	NULL,	NULL,	NULL,	NULL,	NULL,	NULL,	NULL,	NULL,	NULL,	NULL),
(241,	NULL,	'[{\"id\":4,\"name\":\"Jeřáby, zdvihací zařízení, vozíky\"}]',	'Deník zdvihacího zařízení ABUS',	NULL,	NULL,	NULL,	NULL,	NULL,	NULL,	NULL,	NULL,	'[]',	'[]',	NULL,	NULL,	NULL,	NULL,	NULL,	NULL,	NULL,	NULL,	NULL,	NULL,	NULL),
(242,	'GIGA',	'[{\"id\":4,\"name\":\"Jeřáby, zdvihací zařízení, vozíky\"}]',	'Jeřáb mostový GJMJ 5t/16.7m GIGA – elektro',	NULL,	NULL,	'2257/2006',	NULL,	NULL,	'2006',	NULL,	NULL,	'[]',	'[]',	NULL,	NULL,	NULL,	NULL,	NULL,	NULL,	NULL,	NULL,	NULL,	NULL,	NULL),
(243,	'GIGA',	'[{\"id\":4,\"name\":\"Jeřáby, zdvihací zařízení, vozíky\"}]',	'Jeřáb mostový GJMJ 5t/16.7m GIGA',	NULL,	NULL,	'2257/2006',	NULL,	NULL,	'2006',	NULL,	NULL,	'[]',	'[]',	NULL,	NULL,	NULL,	NULL,	NULL,	NULL,	NULL,	NULL,	NULL,	NULL,	NULL),
(244,	'GIGA',	'[{\"id\":4,\"name\":\"Jeřáby, zdvihací zařízení, vozíky\"}]',	'Jeřáb mostový GJMJ 5t/16.7m GIGA – dráha',	NULL,	NULL,	NULL,	NULL,	NULL,	'2006',	NULL,	NULL,	'[]',	'[]',	NULL,	NULL,	NULL,	NULL,	NULL,	NULL,	NULL,	NULL,	NULL,	NULL,	NULL),
(245,	'GIGA',	'[{\"id\":4,\"name\":\"Jeřáby, zdvihací zařízení, vozíky\"}]',	'Jeřáb mostový GJMJ 5t/16.7m GIGA – elektro',	NULL,	NULL,	'4311/2014',	NULL,	NULL,	'2014',	NULL,	NULL,	'[]',	'[]',	NULL,	NULL,	NULL,	NULL,	NULL,	NULL,	NULL,	NULL,	NULL,	NULL,	NULL),
(246,	'GIGA',	'[{\"id\":4,\"name\":\"Jeřáby, zdvihací zařízení, vozíky\"}]',	'Jeřáb mostový GJMJ 5t/16.7m GIGA',	NULL,	NULL,	'4311/2014',	NULL,	NULL,	'2014',	NULL,	NULL,	'[]',	'[]',	NULL,	NULL,	NULL,	NULL,	NULL,	NULL,	NULL,	NULL,	NULL,	NULL,	NULL),
(247,	'Dvořák',	'[{\"id\":4,\"name\":\"Jeřáby, zdvihací zařízení, vozíky\"}]',	'Jeřáb sloupový 2RM 180E1.D TRIOM – elektro',	NULL,	NULL,	'01/2001',	NULL,	NULL,	'2011',	NULL,	NULL,	'[]',	'[]',	NULL,	NULL,	NULL,	NULL,	NULL,	NULL,	NULL,	NULL,	NULL,	NULL,	NULL),
(248,	'Janda',	'[{\"id\":4,\"name\":\"Jeřáby, zdvihací zařízení, vozíky\"}]',	'Jeřáb sloupový 2RM 180E1.D TRIOM',	NULL,	NULL,	'01/2001',	NULL,	NULL,	'2011',	NULL,	NULL,	'[]',	'[]',	NULL,	NULL,	NULL,	NULL,	NULL,	NULL,	NULL,	NULL,	NULL,	NULL,	NULL),
(249,	NULL,	'[{\"id\":4,\"name\":\"Jeřáby, zdvihací zařízení, vozíky\"}]',	'Jeřáb mostový GM 4 400.8-1 ABUS – elektro',	NULL,	NULL,	'220-132446/2014',	NULL,	NULL,	'2014',	NULL,	NULL,	'[]',	'[]',	NULL,	NULL,	NULL,	NULL,	NULL,	NULL,	NULL,	NULL,	NULL,	NULL,	NULL),
(250,	NULL,	'[{\"id\":4,\"name\":\"Jeřáby, zdvihací zařízení, vozíky\"}]',	'Jeřáb mostový GM 4 400.8-1 ABUS',	NULL,	NULL,	'220-132446/2014',	NULL,	NULL,	'2014',	NULL,	NULL,	'[]',	'[]',	NULL,	NULL,	NULL,	NULL,	NULL,	NULL,	NULL,	NULL,	NULL,	NULL,	NULL),
(251,	NULL,	'[{\"id\":4,\"name\":\"Jeřáby, zdvihací zařízení, vozíky\"}]',	'Vakuum 3.21.3.0113 FEZER',	NULL,	NULL,	'DE 605 681-1/2014',	NULL,	NULL,	'2014',	NULL,	NULL,	'[]',	'[]',	NULL,	NULL,	NULL,	NULL,	NULL,	NULL,	NULL,	NULL,	NULL,	NULL,	NULL),
(252,	NULL,	'[{\"id\":4,\"name\":\"Jeřáby, zdvihací zařízení, vozíky\"}]',	'Vakuum 3.21.3.0113 FEZER – elektro',	NULL,	NULL,	'DE 605 681-1/2014',	NULL,	NULL,	'2014',	NULL,	NULL,	'[]',	'[]',	NULL,	NULL,	NULL,	NULL,	NULL,	NULL,	NULL,	NULL,	NULL,	NULL,	NULL),
(253,	NULL,	'[{\"id\":4,\"name\":\"Jeřáby, zdvihací zařízení, vozíky\"}]',	'Paletový vozík ruční',	NULL,	NULL,	'08061395-24/797',	NULL,	NULL,	NULL,	NULL,	NULL,	'[]',	'[]',	NULL,	NULL,	NULL,	NULL,	NULL,	NULL,	NULL,	NULL,	NULL,	NULL,	NULL),
(254,	NULL,	'[{\"id\":4,\"name\":\"Jeřáby, zdvihací zařízení, vozíky\"}]',	'Paletový vozík ruční',	NULL,	NULL,	'760011/2005',	NULL,	NULL,	NULL,	NULL,	NULL,	'[]',	'[]',	NULL,	NULL,	NULL,	NULL,	NULL,	NULL,	NULL,	NULL,	NULL,	NULL,	NULL),
(255,	NULL,	'[{\"id\":4,\"name\":\"Jeřáby, zdvihací zařízení, vozíky\"}]',	'Paletový vozík ruční vysokozdvižný',	NULL,	NULL,	'2266/1980',	NULL,	NULL,	NULL,	NULL,	NULL,	'[]',	'[]',	NULL,	NULL,	NULL,	NULL,	NULL,	NULL,	NULL,	NULL,	NULL,	NULL,	NULL),
(256,	NULL,	'[{\"id\":4,\"name\":\"Jeřáby, zdvihací zařízení, vozíky\"}]',	'Paletový vozík ruční vysokozdvižný',	NULL,	NULL,	'263/1990',	NULL,	NULL,	NULL,	NULL,	NULL,	'[]',	'[]',	NULL,	NULL,	NULL,	NULL,	NULL,	NULL,	NULL,	NULL,	NULL,	NULL,	NULL),
(257,	NULL,	'[{\"id\":4,\"name\":\"Jeřáby, zdvihací zařízení, vozíky\"}]',	'Paletový vozík ruční el. vysokozdvižný – EUROLIFT CZ   ES16ET',	NULL,	NULL,	'07121215/2007',	NULL,	NULL,	'2013',	NULL,	NULL,	'[]',	'[]',	NULL,	NULL,	NULL,	NULL,	NULL,	NULL,	NULL,	NULL,	NULL,	NULL,	NULL),
(258,	NULL,	'[{\"id\":4,\"name\":\"Jeřáby, zdvihací zařízení, vozíky\"}]',	'Motorový vozík vysokozdvižný – EUROLIFTCZ T8-35D',	NULL,	NULL,	'526120421',	NULL,	NULL,	'2017',	NULL,	NULL,	'[]',	'[]',	NULL,	NULL,	NULL,	NULL,	NULL,	NULL,	NULL,	NULL,	NULL,	NULL,	NULL),
(259,	NULL,	'[{\"id\":7,\"name\":\"Kompresory, vývěvy, tlak. nádoby\"}]',	'Vývěva VTLF 2.250/0-79  BECKER',	NULL,	NULL,	'2701913/2013',	NULL,	NULL,	'2015',	NULL,	NULL,	'[]',	'[]',	NULL,	NULL,	NULL,	NULL,	NULL,	NULL,	NULL,	NULL,	NULL,	NULL,	NULL),
(260,	NULL,	'[{\"id\":7,\"name\":\"Kompresory, vývěvy, tlak. nádoby\"}]',	'Vývěva VTLF 2.250/0-79  BECKER',	NULL,	NULL,	'A 2894741/2015',	NULL,	NULL,	'2015',	NULL,	NULL,	'[]',	'[]',	NULL,	NULL,	NULL,	NULL,	NULL,	NULL,	NULL,	NULL,	NULL,	NULL,	NULL),
(261,	NULL,	'[{\"id\":7,\"name\":\"Kompresory, vývěvy, tlak. nádoby\"}]',	'Vývěva – rozvaděč RVM  UNISERVIS HAŠEK',	NULL,	NULL,	'439/15/2015',	NULL,	NULL,	'2015',	NULL,	NULL,	'[]',	'[]',	NULL,	NULL,	NULL,	NULL,	NULL,	NULL,	NULL,	NULL,	NULL,	NULL,	NULL),
(262,	NULL,	'[{\"id\":7,\"name\":\"Kompresory, vývěvy, tlak. nádoby\"}]',	'Kompresor CLASSIC AIR 255 METABO - revize el.',	'0028',	NULL,	'0230025500/2011',	NULL,	NULL,	'2011',	NULL,	NULL,	'[]',	'[]',	NULL,	NULL,	NULL,	NULL,	NULL,	NULL,	NULL,	NULL,	NULL,	NULL,	NULL),
(263,	NULL,	'[{\"id\":7,\"name\":\"Kompresory, vývěvy, tlak. nádoby\"}]',	'Kompresor ATLAS COPCO GA11FF',	NULL,	NULL,	'CAI 715298',	NULL,	NULL,	'2013',	NULL,	NULL,	'[]',	'[]',	NULL,	NULL,	NULL,	NULL,	NULL,	NULL,	NULL,	NULL,	NULL,	NULL,	NULL),
(264,	NULL,	'[{\"id\":7,\"name\":\"Kompresory, vývěvy, tlak. nádoby\"}]',	'Kompresor ATLAS COPCO GA11FF - revize el.',	NULL,	NULL,	'CAI 715298',	NULL,	NULL,	'2013',	NULL,	NULL,	'[]',	'[]',	NULL,	NULL,	NULL,	NULL,	NULL,	NULL,	NULL,	NULL,	NULL,	NULL,	NULL),
(265,	NULL,	'[{\"id\":7,\"name\":\"Kompresory, vývěvy, tlak. nádoby\"}]',	'Tlakové nádoby – demontováno z  ALBERT E.50 ATMOS – SERBATOI',	NULL,	NULL,	'1378237/2008',	NULL,	NULL,	'2014',	NULL,	NULL,	'[]',	'[]',	NULL,	NULL,	NULL,	NULL,	NULL,	NULL,	NULL,	NULL,	NULL,	NULL,	NULL),
(266,	NULL,	'[{\"id\":7,\"name\":\"Kompresory, vývěvy, tlak. nádoby\"}]',	'Tlakové nádoby – kompresor CLASSIC AIR 255 METABO – AIRTANK',	NULL,	NULL,	'110005/2011',	NULL,	NULL,	'2011',	NULL,	NULL,	'[]',	'[]',	NULL,	NULL,	NULL,	NULL,	NULL,	NULL,	NULL,	NULL,	NULL,	NULL,	NULL),
(267,	NULL,	'[{\"id\":7,\"name\":\"Kompresory, vývěvy, tlak. nádoby\"}]',	'Tlakové nádoby – kompresor ATLAS COPCO GA11FF – EURE',	NULL,	NULL,	'10293/2013',	NULL,	NULL,	'2013',	NULL,	NULL,	'[]',	'[]',	NULL,	NULL,	NULL,	NULL,	NULL,	NULL,	NULL,	NULL,	NULL,	NULL,	NULL),
(268,	NULL,	'[{\"id\":7,\"name\":\"Kompresory, vývěvy, tlak. nádoby\"}]',	'Tlaková nádoba – CO2/20kg',	NULL,	NULL,	NULL,	NULL,	NULL,	'2016',	NULL,	NULL,	'[]',	'[]',	NULL,	NULL,	NULL,	NULL,	NULL,	NULL,	NULL,	NULL,	NULL,	NULL,	NULL),
(269,	NULL,	'[{\"id\":3,\"name\":\"Odsávání, vysavače\"}]',	'Odsávání centrální FAN 403 AC word',	NULL,	NULL,	'0411023047/2004',	NULL,	NULL,	'2004',	NULL,	NULL,	'[]',	'[]',	NULL,	NULL,	NULL,	NULL,	NULL,	NULL,	NULL,	NULL,	NULL,	NULL,	NULL),
(270,	NULL,	'[{\"id\":3,\"name\":\"Odsávání, vysavače\"}]',	'Odsávání FT 100 AC word',	NULL,	NULL,	'1110180940/2005 (inv.č)',	'4',	NULL,	'2005',	NULL,	NULL,	'[]',	'[]',	NULL,	NULL,	NULL,	NULL,	NULL,	NULL,	NULL,	NULL,	NULL,	NULL,	NULL),
(271,	NULL,	'[{\"id\":3,\"name\":\"Odsávání, vysavače\"}]',	'Odsávání FT 200V AC word',	NULL,	NULL,	'0504025808/2005',	'2',	NULL,	'2005',	NULL,	NULL,	'[]',	'[]',	NULL,	NULL,	NULL,	NULL,	NULL,	NULL,	NULL,	NULL,	NULL,	NULL,	NULL),
(272,	NULL,	'[{\"id\":3,\"name\":\"Odsávání, vysavače\"}]',	'Odsávání FT 202V AC word',	NULL,	NULL,	'0605022051/2006',	'3',	NULL,	'2008',	NULL,	NULL,	'[]',	'[]',	NULL,	NULL,	NULL,	NULL,	NULL,	NULL,	NULL,	NULL,	NULL,	NULL,	NULL),
(273,	NULL,	'[{\"id\":3,\"name\":\"Odsávání, vysavače\"}]',	'Odsávání FT 302V AC word',	NULL,	NULL,	'1110180938/2005 (inv.č.)',	'1',	NULL,	'2005',	NULL,	NULL,	'[]',	'[]',	NULL,	NULL,	NULL,	NULL,	NULL,	NULL,	NULL,	NULL,	NULL,	NULL,	NULL),
(274,	NULL,	'[{\"id\":3,\"name\":\"Odsávání, vysavače\"}]',	'Odsávání FT 404 AC word',	NULL,	NULL,	'0808036035/2008',	'5',	NULL,	'2008',	NULL,	NULL,	'[]',	'[]',	NULL,	NULL,	NULL,	NULL,	NULL,	NULL,	NULL,	NULL,	NULL,	NULL,	NULL),
(275,	NULL,	'[{\"id\":3,\"name\":\"Odsávání, vysavače\"}]',	'Odsávání FT 403Tv   AC word',	NULL,	NULL,	'1501047839',	NULL,	NULL,	'2015',	NULL,	NULL,	'[]',	'[]',	NULL,	NULL,	NULL,	NULL,	NULL,	NULL,	NULL,	NULL,	NULL,	NULL,	NULL),
(276,	NULL,	'[{\"id\":3,\"name\":\"Odsávání, vysavače\"}]',	'Odsávání Hammer',	NULL,	NULL,	'501-180/344-09/2009',	'1',	NULL,	'2009',	NULL,	NULL,	'[]',	'[]',	NULL,	NULL,	NULL,	NULL,	NULL,	NULL,	NULL,	NULL,	NULL,	NULL,	NULL),
(277,	NULL,	'[{\"id\":3,\"name\":\"Odsávání, vysavače\"}]',	'Odsávání Hammer',	NULL,	NULL,	'501-180/185-09/2009',	'2',	NULL,	'2009',	NULL,	NULL,	'[]',	'[]',	NULL,	NULL,	NULL,	NULL,	NULL,	NULL,	NULL,	NULL,	NULL,	NULL,	NULL),
(278,	NULL,	'[{\"id\":3,\"name\":\"Odsávání, vysavače\"}]',	'Odsávání Hammer',	NULL,	NULL,	'501-180/357-09/2009',	'3',	NULL,	'2009',	NULL,	NULL,	'[]',	'[]',	NULL,	NULL,	NULL,	NULL,	NULL,	NULL,	NULL,	NULL,	NULL,	NULL,	NULL),
(279,	NULL,	'[{\"id\":3,\"name\":\"Odsávání, vysavače\"}]',	'Odsávání Hammer',	NULL,	NULL,	'501-180/218-09/2009',	'4',	NULL,	'2009',	NULL,	NULL,	'[]',	'[]',	NULL,	NULL,	NULL,	NULL,	NULL,	NULL,	NULL,	NULL,	NULL,	NULL,	NULL),
(280,	NULL,	'[{\"id\":3,\"name\":\"Odsávání, vysavače\"}]',	'Odsávání VS2     JEŘÁBEK',	NULL,	NULL,	'462113',	NULL,	NULL,	'2013',	NULL,	NULL,	'[]',	'[]',	NULL,	NULL,	NULL,	NULL,	NULL,	NULL,	NULL,	NULL,	NULL,	NULL,	NULL),
(281,	NULL,	'[{\"id\":3,\"name\":\"Odsávání, vysavače\"}]',	'Filtr vzduchu AFS-1000B    JET',	NULL,	NULL,	'13090070/2013',	NULL,	NULL,	'2014',	NULL,	NULL,	'[]',	'[]',	NULL,	NULL,	NULL,	NULL,	NULL,	NULL,	NULL,	NULL,	NULL,	NULL,	NULL),
(282,	NULL,	'[{\"id\":3,\"name\":\"Odsávání, vysavače\"}]',	'Filtr vzduchu AFS-1000B    JET',	NULL,	NULL,	'16070021/2016',	NULL,	NULL,	'2016',	NULL,	NULL,	'[]',	'[]',	NULL,	NULL,	NULL,	NULL,	NULL,	NULL,	NULL,	NULL,	NULL,	NULL,	NULL),
(283,	NULL,	'[{\"id\":3,\"name\":\"Odsávání, vysavače\"}]',	'Vysavač ATTIX 360-11 NILFISK ALTO',	'0031',	NULL,	'302000599/2006',	NULL,	NULL,	'2006',	NULL,	NULL,	'[]',	'[]',	NULL,	NULL,	NULL,	NULL,	NULL,	NULL,	NULL,	NULL,	NULL,	NULL,	NULL),
(284,	NULL,	'[{\"id\":3,\"name\":\"Odsávání, vysavače\"}]',	'Vysavač ST3 COYNCO  (VS-EV-ST03C32)',	NULL,	NULL,	'040.11.00007/2011',	NULL,	NULL,	'2011',	NULL,	NULL,	'[]',	'[]',	NULL,	NULL,	NULL,	NULL,	NULL,	NULL,	NULL,	NULL,	NULL,	NULL,	NULL),
(285,	NULL,	'[{\"id\":3,\"name\":\"Odsávání, vysavače\"}]',	'Vysavač 447L   MAKITA',	'0329',	NULL,	'0219624',	NULL,	NULL,	'2012',	NULL,	NULL,	'[]',	'[]',	NULL,	NULL,	NULL,	NULL,	NULL,	NULL,	NULL,	NULL,	NULL,	NULL,	NULL),
(286,	NULL,	'[{\"id\":3,\"name\":\"Odsávání, vysavače\"}]',	'Vysavač průmyslový ISS35-S     Würth',	'0328',	NULL,	'962241807401171560/2014',	NULL,	NULL,	'2014',	NULL,	NULL,	'[]',	'[]',	NULL,	NULL,	NULL,	NULL,	NULL,	NULL,	NULL,	NULL,	NULL,	NULL,	NULL),
(287,	NULL,	'[{\"id\":3,\"name\":\"Odsávání, vysavače\"}]',	'Vysavač průmyslový ISS35-S     Würth',	NULL,	NULL,	'962241840501734211/2015',	NULL,	NULL,	NULL,	NULL,	NULL,	'[]',	'[]',	NULL,	NULL,	NULL,	NULL,	NULL,	NULL,	NULL,	NULL,	NULL,	NULL,	NULL),
(288,	NULL,	'[{\"id\":5,\"name\":\"Prodlužovací kabely\"}]',	'Kabel prodlužovací 230 V',	NULL,	NULL,	'P119 (inv.č.)',	NULL,	NULL,	NULL,	NULL,	NULL,	'[]',	'[]',	NULL,	NULL,	NULL,	NULL,	NULL,	NULL,	NULL,	NULL,	NULL,	NULL,	NULL),
(289,	NULL,	'[{\"id\":5,\"name\":\"Prodlužovací kabely\"}]',	'Kabel prodlužovací 230 V',	NULL,	NULL,	'P118 (inv.č.)',	NULL,	NULL,	NULL,	NULL,	NULL,	'[]',	'[]',	NULL,	NULL,	NULL,	NULL,	NULL,	NULL,	NULL,	NULL,	NULL,	NULL,	NULL),
(290,	NULL,	'[{\"id\":5,\"name\":\"Prodlužovací kabely\"}]',	'Kabel prodlužovací 230 V',	NULL,	NULL,	'P117 (inv.č.)',	NULL,	NULL,	NULL,	NULL,	NULL,	'[]',	'[]',	NULL,	NULL,	NULL,	NULL,	NULL,	NULL,	NULL,	NULL,	NULL,	NULL,	NULL),
(291,	NULL,	'[{\"id\":5,\"name\":\"Prodlužovací kabely\"}]',	'Kabel prodlužovací 230 V',	NULL,	NULL,	'P116 (inv.č.)',	NULL,	NULL,	NULL,	NULL,	NULL,	'[]',	'[]',	NULL,	NULL,	NULL,	NULL,	NULL,	NULL,	NULL,	NULL,	NULL,	NULL,	NULL),
(292,	NULL,	'[{\"id\":5,\"name\":\"Prodlužovací kabely\"}]',	'Kabel prodlužovací 230 V',	NULL,	NULL,	'P115 (inv.č.)',	NULL,	NULL,	NULL,	NULL,	NULL,	'[]',	'[]',	NULL,	NULL,	NULL,	NULL,	NULL,	NULL,	NULL,	NULL,	NULL,	NULL,	NULL),
(293,	NULL,	'[{\"id\":5,\"name\":\"Prodlužovací kabely\"}]',	'Kabel prodlužovací 230 V',	NULL,	NULL,	'P114 (inv.č.)',	NULL,	NULL,	NULL,	NULL,	NULL,	'[]',	'[]',	NULL,	NULL,	NULL,	NULL,	NULL,	NULL,	NULL,	NULL,	NULL,	NULL,	NULL),
(294,	NULL,	'[{\"id\":5,\"name\":\"Prodlužovací kabely\"}]',	'Kabel prodlužovací 230 V',	NULL,	NULL,	'P113 (inv.č.)',	NULL,	NULL,	NULL,	NULL,	NULL,	'[]',	'[]',	NULL,	NULL,	NULL,	NULL,	NULL,	NULL,	NULL,	NULL,	NULL,	NULL,	NULL),
(295,	NULL,	'[{\"id\":5,\"name\":\"Prodlužovací kabely\"}]',	'Kabel prodlužovací 230 V',	NULL,	NULL,	'P112 (inv.č.)',	NULL,	NULL,	NULL,	NULL,	NULL,	'[]',	'[]',	NULL,	NULL,	NULL,	NULL,	NULL,	NULL,	NULL,	NULL,	NULL,	NULL,	NULL),
(296,	NULL,	'[{\"id\":5,\"name\":\"Prodlužovací kabely\"}]',	'Kabel prodlužovací 230 V',	NULL,	NULL,	'P111 (inv.č.)',	NULL,	NULL,	NULL,	NULL,	NULL,	'[]',	'[]',	NULL,	NULL,	NULL,	NULL,	NULL,	NULL,	NULL,	NULL,	NULL,	NULL,	NULL),
(297,	NULL,	'[{\"id\":5,\"name\":\"Prodlužovací kabely\"}]',	'Kabel prodlužovací 230 V',	NULL,	NULL,	'P110 (inv.č.)',	NULL,	NULL,	NULL,	NULL,	NULL,	'[]',	'[]',	NULL,	NULL,	NULL,	NULL,	NULL,	NULL,	NULL,	NULL,	NULL,	NULL,	NULL),
(298,	NULL,	'[{\"id\":5,\"name\":\"Prodlužovací kabely\"}]',	'Kabel prodlužovací 230 V',	NULL,	NULL,	'P109 (inv.č.)',	NULL,	NULL,	NULL,	NULL,	NULL,	'[]',	'[]',	NULL,	NULL,	NULL,	NULL,	NULL,	NULL,	NULL,	NULL,	NULL,	NULL,	NULL),
(299,	NULL,	'[{\"id\":5,\"name\":\"Prodlužovací kabely\"}]',	'Kabel prodlužovací 230 V',	NULL,	NULL,	'P108 (inv.č.)',	NULL,	NULL,	NULL,	NULL,	NULL,	'[]',	'[]',	NULL,	NULL,	NULL,	NULL,	NULL,	NULL,	NULL,	NULL,	NULL,	NULL,	NULL),
(300,	NULL,	'[{\"id\":5,\"name\":\"Prodlužovací kabely\"}]',	'Kabel prodlužovací 230 V',	NULL,	NULL,	'P107 (inv.č.)',	NULL,	NULL,	NULL,	NULL,	NULL,	'[]',	'[]',	NULL,	NULL,	NULL,	NULL,	NULL,	NULL,	NULL,	NULL,	NULL,	NULL,	NULL),
(301,	NULL,	'[{\"id\":5,\"name\":\"Prodlužovací kabely\"}]',	'Kabel prodlužovací 230 V',	NULL,	NULL,	'P106 (inv.č.)',	NULL,	NULL,	NULL,	NULL,	NULL,	'[]',	'[]',	NULL,	NULL,	NULL,	NULL,	NULL,	NULL,	NULL,	NULL,	NULL,	NULL,	NULL),
(302,	NULL,	'[{\"id\":5,\"name\":\"Prodlužovací kabely\"}]',	'Kabel prodlužovací 230 V',	NULL,	NULL,	'P105 (inv.č.)',	NULL,	NULL,	NULL,	NULL,	NULL,	'[]',	'[]',	NULL,	NULL,	NULL,	NULL,	NULL,	NULL,	NULL,	NULL,	NULL,	NULL,	NULL),
(303,	NULL,	'[{\"id\":5,\"name\":\"Prodlužovací kabely\"}]',	'Kabel prodlužovací 230 V',	NULL,	NULL,	'P103 (inv.č.)',	NULL,	NULL,	NULL,	NULL,	NULL,	'[]',	'[]',	NULL,	NULL,	NULL,	NULL,	NULL,	NULL,	NULL,	NULL,	NULL,	NULL,	NULL),
(304,	NULL,	'[{\"id\":5,\"name\":\"Prodlužovací kabely\"}]',	'Kabel prodlužovací 230 V',	NULL,	NULL,	'P102 (inv.č.)',	NULL,	NULL,	NULL,	NULL,	NULL,	'[]',	'[]',	NULL,	NULL,	NULL,	NULL,	NULL,	NULL,	NULL,	NULL,	NULL,	NULL,	NULL),
(305,	NULL,	'[{\"id\":5,\"name\":\"Prodlužovací kabely\"}]',	'Kabel prodlužovací 230 V',	NULL,	NULL,	'P101 (inv.č.)',	NULL,	NULL,	NULL,	NULL,	NULL,	'[]',	'[]',	NULL,	NULL,	NULL,	NULL,	NULL,	NULL,	NULL,	NULL,	NULL,	NULL,	NULL),
(306,	NULL,	'[{\"id\":5,\"name\":\"Prodlužovací kabely\"}]',	'Kabel prodlužovací 230 V',	NULL,	NULL,	'P039 (inv.č.)',	NULL,	NULL,	NULL,	NULL,	NULL,	'[]',	'[]',	NULL,	NULL,	NULL,	NULL,	NULL,	NULL,	NULL,	NULL,	NULL,	NULL,	NULL),
(307,	NULL,	'[{\"id\":5,\"name\":\"Prodlužovací kabely\"}]',	'Kabel prodlužovací 230 V',	NULL,	NULL,	'P038 (inv.č.)',	NULL,	NULL,	NULL,	NULL,	NULL,	'[]',	'[]',	NULL,	NULL,	NULL,	NULL,	NULL,	NULL,	NULL,	NULL,	NULL,	NULL,	NULL),
(308,	NULL,	'[{\"id\":5,\"name\":\"Prodlužovací kabely\"}]',	'Kabel prodlužovací 230 V',	NULL,	NULL,	'P037 (inv.č.)',	NULL,	NULL,	NULL,	NULL,	NULL,	'[]',	'[]',	NULL,	NULL,	NULL,	NULL,	NULL,	NULL,	NULL,	NULL,	NULL,	NULL,	NULL),
(309,	NULL,	'[{\"id\":5,\"name\":\"Prodlužovací kabely\"}]',	'Kabel prodlužovací 230 V',	NULL,	NULL,	'P036 (inv.č.)',	NULL,	NULL,	NULL,	NULL,	NULL,	'[]',	'[]',	NULL,	NULL,	NULL,	NULL,	NULL,	NULL,	NULL,	NULL,	NULL,	NULL,	NULL),
(310,	NULL,	'[{\"id\":5,\"name\":\"Prodlužovací kabely\"}]',	'Kabel prodlužovací 230 V',	NULL,	NULL,	'P035 (inv.č.)',	NULL,	NULL,	NULL,	NULL,	NULL,	'[]',	'[]',	NULL,	NULL,	NULL,	NULL,	NULL,	NULL,	NULL,	NULL,	NULL,	NULL,	NULL),
(311,	NULL,	'[{\"id\":5,\"name\":\"Prodlužovací kabely\"}]',	'Kabel prodlužovací 230 V',	NULL,	NULL,	'P021 (inv.č.)',	NULL,	NULL,	NULL,	NULL,	NULL,	'[]',	'[]',	NULL,	NULL,	NULL,	NULL,	NULL,	NULL,	NULL,	NULL,	NULL,	NULL,	NULL),
(312,	NULL,	'[{\"id\":5,\"name\":\"Prodlužovací kabely\"}]',	'Kabel prodlužovací 230 V – buben',	NULL,	NULL,	'P020 (inv.č.)',	NULL,	NULL,	NULL,	NULL,	NULL,	'[]',	'[]',	NULL,	NULL,	NULL,	NULL,	NULL,	NULL,	NULL,	NULL,	NULL,	NULL,	NULL),
(313,	NULL,	'[{\"id\":5,\"name\":\"Prodlužovací kabely\"}]',	'Kabel prodlužovací 230 V',	NULL,	NULL,	'P019 (inv.č.)',	NULL,	NULL,	NULL,	NULL,	NULL,	'[]',	'[]',	NULL,	NULL,	NULL,	NULL,	NULL,	NULL,	NULL,	NULL,	NULL,	NULL,	NULL),
(314,	NULL,	'[{\"id\":5,\"name\":\"Prodlužovací kabely\"}]',	'Kabel prodlužovací 230 V',	NULL,	NULL,	'P018 (inv.č.)',	NULL,	NULL,	NULL,	NULL,	NULL,	'[]',	'[]',	NULL,	NULL,	NULL,	NULL,	NULL,	NULL,	NULL,	NULL,	NULL,	NULL,	NULL),
(315,	NULL,	'[{\"id\":5,\"name\":\"Prodlužovací kabely\"}]',	'Kabel prodlužovací 230 V',	NULL,	NULL,	'P017 (inv.č.)',	NULL,	NULL,	NULL,	NULL,	NULL,	'[]',	'[]',	NULL,	NULL,	NULL,	NULL,	NULL,	NULL,	NULL,	NULL,	NULL,	NULL,	NULL),
(316,	NULL,	'[{\"id\":5,\"name\":\"Prodlužovací kabely\"}]',	'Kabel prodlužovací 230 V',	NULL,	NULL,	'P016 (inv.č.)',	NULL,	NULL,	NULL,	NULL,	NULL,	'[]',	'[]',	NULL,	NULL,	NULL,	NULL,	NULL,	NULL,	NULL,	NULL,	NULL,	NULL,	NULL),
(317,	NULL,	'[{\"id\":5,\"name\":\"Prodlužovací kabely\"}]',	'Kabel prodlužovací 230 V',	NULL,	NULL,	'P015 (inv.č.)',	NULL,	NULL,	NULL,	NULL,	NULL,	'[]',	'[]',	NULL,	NULL,	NULL,	NULL,	NULL,	NULL,	NULL,	NULL,	NULL,	NULL,	NULL),
(318,	NULL,	'[{\"id\":5,\"name\":\"Prodlužovací kabely\"}]',	'Kabel prodlužovací 230 V',	NULL,	NULL,	'P014 (inv.č.)',	NULL,	NULL,	NULL,	NULL,	NULL,	'[]',	'[]',	NULL,	NULL,	NULL,	NULL,	NULL,	NULL,	NULL,	NULL,	NULL,	NULL,	NULL),
(319,	NULL,	'[{\"id\":5,\"name\":\"Prodlužovací kabely\"}]',	'Kabel prodlužovací 230 V',	NULL,	NULL,	'P013 (inv.č.)',	NULL,	NULL,	NULL,	NULL,	NULL,	'[]',	'[]',	NULL,	NULL,	NULL,	NULL,	NULL,	NULL,	NULL,	NULL,	NULL,	NULL,	NULL),
(320,	NULL,	'[{\"id\":5,\"name\":\"Prodlužovací kabely\"}]',	'Kabel prodlužovací 230 V',	NULL,	NULL,	'P012 (inv.č.)',	NULL,	NULL,	NULL,	NULL,	NULL,	'[]',	'[]',	NULL,	NULL,	NULL,	NULL,	NULL,	NULL,	NULL,	NULL,	NULL,	NULL,	NULL),
(321,	NULL,	'[{\"id\":5,\"name\":\"Prodlužovací kabely\"}]',	'Kabel prodlužovací 230 V',	NULL,	NULL,	'P011 (inv.č.)',	NULL,	NULL,	NULL,	NULL,	NULL,	'[]',	'[]',	NULL,	NULL,	NULL,	NULL,	NULL,	NULL,	NULL,	NULL,	NULL,	NULL,	NULL),
(322,	NULL,	'[{\"id\":5,\"name\":\"Prodlužovací kabely\"}]',	'Kabel prodlužovací 230 V',	NULL,	NULL,	'P010 (inv.č.)',	NULL,	NULL,	NULL,	NULL,	NULL,	'[]',	'[]',	NULL,	NULL,	NULL,	NULL,	NULL,	NULL,	NULL,	NULL,	NULL,	NULL,	NULL),
(323,	NULL,	'[{\"id\":5,\"name\":\"Prodlužovací kabely\"}]',	'Kabel prodlužovací 230 V',	NULL,	NULL,	'P009 (inv.č.)',	NULL,	NULL,	NULL,	NULL,	NULL,	'[]',	'[]',	NULL,	NULL,	NULL,	NULL,	NULL,	NULL,	NULL,	NULL,	NULL,	NULL,	NULL),
(324,	NULL,	'[{\"id\":5,\"name\":\"Prodlužovací kabely\"}]',	'Kabel prodlužovací 230 V',	NULL,	NULL,	'P008 (inv.č.)',	NULL,	NULL,	NULL,	NULL,	NULL,	'[]',	'[]',	NULL,	NULL,	NULL,	NULL,	NULL,	NULL,	NULL,	NULL,	NULL,	NULL,	NULL),
(325,	NULL,	'[{\"id\":5,\"name\":\"Prodlužovací kabely\"}]',	'Kabel prodlužovací 230 V',	NULL,	NULL,	'P006 (inv.č.)',	NULL,	NULL,	NULL,	NULL,	NULL,	'[]',	'[]',	NULL,	NULL,	NULL,	NULL,	NULL,	NULL,	NULL,	NULL,	NULL,	NULL,	NULL),
(326,	NULL,	'[{\"id\":5,\"name\":\"Prodlužovací kabely\"}]',	'Kabel prodlužovací 230 V',	NULL,	NULL,	'P005 (inv.č.)',	NULL,	NULL,	NULL,	NULL,	NULL,	'[]',	'[]',	NULL,	NULL,	NULL,	NULL,	NULL,	NULL,	NULL,	NULL,	NULL,	NULL,	NULL),
(327,	NULL,	'[{\"id\":5,\"name\":\"Prodlužovací kabely\"}]',	'Kabel prodlužovací 230 V',	NULL,	NULL,	'P004 (inv.č.)',	NULL,	NULL,	NULL,	NULL,	NULL,	'[]',	'[]',	NULL,	NULL,	NULL,	NULL,	NULL,	NULL,	NULL,	NULL,	NULL,	NULL,	NULL),
(328,	NULL,	'[{\"id\":5,\"name\":\"Prodlužovací kabely\"}]',	'Kabel prodlužovací 230 V',	NULL,	NULL,	'P003 (inv.č.)',	NULL,	NULL,	NULL,	NULL,	NULL,	'[]',	'[]',	NULL,	NULL,	NULL,	NULL,	NULL,	NULL,	NULL,	NULL,	NULL,	NULL,	NULL),
(329,	NULL,	'[{\"id\":5,\"name\":\"Prodlužovací kabely\"}]',	'Kabel prodlužovací 230 V',	NULL,	NULL,	'P002 (inv.č.)',	NULL,	NULL,	NULL,	NULL,	NULL,	'[]',	'[]',	NULL,	NULL,	NULL,	NULL,	NULL,	NULL,	NULL,	NULL,	NULL,	NULL,	NULL),
(330,	NULL,	'[{\"id\":5,\"name\":\"Prodlužovací kabely\"}]',	'Kabel prodlužovací 230 V',	NULL,	NULL,	'P001 (inv.č.)',	NULL,	NULL,	NULL,	NULL,	NULL,	'[]',	'[]',	NULL,	NULL,	NULL,	NULL,	NULL,	NULL,	NULL,	NULL,	NULL,	NULL,	NULL),
(331,	NULL,	'[{\"id\":5,\"name\":\"Prodlužovací kabely\"}]',	'Kabel prodlužovací 230 V – oranžová',	NULL,	NULL,	'P200 (inv.č.)',	NULL,	NULL,	NULL,	NULL,	NULL,	'[]',	'[]',	NULL,	NULL,	NULL,	NULL,	NULL,	NULL,	NULL,	NULL,	NULL,	NULL,	NULL),
(332,	NULL,	'[{\"id\":5,\"name\":\"Prodlužovací kabely\"}]',	'Kabel prodlužovací 230 V',	NULL,	NULL,	'P201 (inv.č.)',	NULL,	NULL,	NULL,	NULL,	NULL,	'[]',	'[]',	NULL,	NULL,	NULL,	NULL,	NULL,	NULL,	NULL,	NULL,	NULL,	NULL,	NULL),
(333,	NULL,	'[{\"id\":5,\"name\":\"Prodlužovací kabely\"}]',	'Kabel prodlužovací 380 V',	NULL,	NULL,	'P022 (inv.č.)',	NULL,	NULL,	NULL,	NULL,	NULL,	'[]',	'[]',	NULL,	NULL,	NULL,	NULL,	NULL,	NULL,	NULL,	NULL,	NULL,	NULL,	NULL),
(334,	NULL,	'[{\"id\":5,\"name\":\"Prodlužovací kabely\"}]',	'Kabel prodlužovací 380 V',	NULL,	NULL,	'P023 (inv.č.)',	NULL,	NULL,	NULL,	NULL,	NULL,	'[]',	'[]',	NULL,	NULL,	NULL,	NULL,	NULL,	NULL,	NULL,	NULL,	NULL,	NULL,	NULL),
(335,	NULL,	'[{\"id\":5,\"name\":\"Prodlužovací kabely\"}]',	'Kabel prodlužovací 380 V',	NULL,	NULL,	'P024 (inv.č.)',	NULL,	NULL,	NULL,	NULL,	NULL,	'[]',	'[]',	NULL,	NULL,	NULL,	NULL,	NULL,	NULL,	NULL,	NULL,	NULL,	NULL,	NULL),
(336,	NULL,	'[{\"id\":5,\"name\":\"Prodlužovací kabely\"}]',	'Kabel prodlužovací 380 V',	NULL,	NULL,	'P100 (inv.č.)',	NULL,	NULL,	NULL,	NULL,	NULL,	'[]',	'[]',	NULL,	NULL,	NULL,	NULL,	NULL,	NULL,	NULL,	NULL,	NULL,	NULL,	NULL),
(337,	NULL,	'[{\"id\":5,\"name\":\"Prodlužovací kabely\"}]',	'Kabel prodlužovací 380 V',	NULL,	NULL,	'P104 (inv.č.)',	NULL,	NULL,	NULL,	NULL,	NULL,	'[]',	'[]',	NULL,	NULL,	NULL,	NULL,	NULL,	NULL,	NULL,	NULL,	NULL,	NULL,	NULL),
(338,	NULL,	'[{\"id\":5,\"name\":\"Prodlužovací kabely\"}]',	'Kabel prodlužovací 380 V – svářečka CO',	NULL,	NULL,	NULL,	NULL,	NULL,	'2016',	NULL,	NULL,	'[]',	'[]',	NULL,	NULL,	NULL,	NULL,	NULL,	NULL,	NULL,	NULL,	NULL,	NULL,	NULL),
(339,	NULL,	'[{\"id\":6,\"name\":\"Topení, plyn\"}]',	'Kotel na tuhá paliva DAKON',	NULL,	NULL,	'/2005',	NULL,	NULL,	'2005',	NULL,	NULL,	'[]',	'[]',	NULL,	NULL,	NULL,	NULL,	NULL,	NULL,	NULL,	NULL,	NULL,	NULL,	NULL),
(340,	'ROBUR',	'[{\"id\":6,\"name\":\"Topení, plyn\"}]',	'Topná jednotka ROBUR',	NULL,	NULL,	'254310118',	'1',	NULL,	'2005',	NULL,	NULL,	'[]',	'[]',	NULL,	NULL,	NULL,	NULL,	NULL,	NULL,	NULL,	NULL,	NULL,	NULL,	NULL),
(341,	'ROBUR',	'[{\"id\":6,\"name\":\"Topení, plyn\"}]',	'Topná jednotka ROBUR',	NULL,	NULL,	'254310122',	'2',	NULL,	'2005',	NULL,	NULL,	'[]',	'[]',	NULL,	NULL,	NULL,	NULL,	NULL,	NULL,	NULL,	NULL,	NULL,	NULL,	NULL),
(342,	'ROBUR',	'[{\"id\":6,\"name\":\"Topení, plyn\"}]',	'Topná jednotka ROBUR',	NULL,	NULL,	'274910206',	'3',	NULL,	'2008',	NULL,	NULL,	'[]',	'[]',	NULL,	NULL,	NULL,	NULL,	NULL,	NULL,	NULL,	NULL,	NULL,	NULL,	NULL),
(343,	'ROBUR',	'[{\"id\":6,\"name\":\"Topení, plyn\"}]',	'Topná jednotka ROBUR',	NULL,	NULL,	'280510098',	'4',	NULL,	'2008',	NULL,	NULL,	'[]',	'[]',	NULL,	NULL,	NULL,	NULL,	NULL,	NULL,	NULL,	NULL,	NULL,	NULL,	NULL),
(344,	'ROBUR',	'[{\"id\":6,\"name\":\"Topení, plyn\"}]',	'Topná jednotka ROBUR',	NULL,	NULL,	'280510097',	'5',	NULL,	'2008',	NULL,	NULL,	'[]',	'[]',	NULL,	NULL,	NULL,	NULL,	NULL,	NULL,	NULL,	NULL,	NULL,	NULL,	NULL),
(345,	'ROBUR',	'[{\"id\":6,\"name\":\"Topení, plyn\"}]',	'Topná jednotka ROBUR',	NULL,	NULL,	'280510094',	'6',	NULL,	'2008',	NULL,	NULL,	'[]',	'[]',	NULL,	NULL,	NULL,	NULL,	NULL,	NULL,	NULL,	NULL,	NULL,	NULL,	NULL),
(346,	'ROBUR',	'[{\"id\":6,\"name\":\"Topení, plyn\"}]',	'Topná jednotka ROBUR',	NULL,	NULL,	'280510096',	'7',	NULL,	'2008',	NULL,	NULL,	'[]',	'[]',	NULL,	NULL,	NULL,	NULL,	NULL,	NULL,	NULL,	NULL,	NULL,	NULL,	NULL),
(347,	'IWA',	'[{\"id\":6,\"name\":\"Topení, plyn\"}]',	'Kotel Viessmann',	NULL,	NULL,	'7176778504709101',	NULL,	NULL,	'2005',	NULL,	NULL,	'[]',	'[]',	NULL,	NULL,	NULL,	NULL,	NULL,	NULL,	NULL,	NULL,	NULL,	NULL,	NULL),
(348,	NULL,	'[{\"id\":6,\"name\":\"Topení, plyn\"}]',	'Kotel Viessmann – spalinové cesty, účinnost',	NULL,	NULL,	NULL,	NULL,	NULL,	'2005',	NULL,	NULL,	'[]',	'[]',	NULL,	NULL,	NULL,	NULL,	NULL,	NULL,	NULL,	NULL,	NULL,	NULL,	NULL),
(349,	'JMP a.s.Brno',	'[{\"id\":6,\"name\":\"Topení, plyn\"}]',	'Revize plynového zařízení - přípojka po HUP',	NULL,	NULL,	NULL,	NULL,	NULL,	'2005',	NULL,	NULL,	'[]',	'[]',	NULL,	NULL,	NULL,	NULL,	NULL,	NULL,	NULL,	NULL,	NULL,	NULL,	NULL),
(350,	NULL,	'[{\"id\":6,\"name\":\"Topení, plyn\"}]',	'Průmyslový plynovod, ZP-NTL od HUP, REG. a MĚŘENÍ včetně plynových spotřebiů',	NULL,	NULL,	NULL,	NULL,	NULL,	'2008',	NULL,	NULL,	'[]',	'[]',	NULL,	NULL,	NULL,	NULL,	NULL,	NULL,	NULL,	NULL,	NULL,	NULL,	NULL),
(351,	NULL,	'[{\"id\":6,\"name\":\"Topení, plyn\"}]',	NULL,	NULL,	NULL,	NULL,	NULL,	NULL,	NULL,	NULL,	NULL,	'[]',	'[]',	NULL,	NULL,	NULL,	NULL,	NULL,	NULL,	NULL,	NULL,	NULL,	NULL,	NULL),
(352,	NULL,	'[{\"id\":6,\"name\":\"Topení, plyn\"}]',	'Dakon - spalinové cesty, účinnost',	NULL,	NULL,	NULL,	NULL,	NULL,	'2005',	NULL,	NULL,	'[]',	'[]',	NULL,	NULL,	NULL,	NULL,	NULL,	NULL,	NULL,	NULL,	NULL,	NULL,	NULL),
(353,	NULL,	'[{\"id\":6,\"name\":\"Topení, plyn\"}]',	'Tlakové nádoby - expanzní nádoba – kotel na pevná',	NULL,	NULL,	'05 F04220995',	NULL,	NULL,	'2005',	NULL,	NULL,	'[]',	'[]',	NULL,	NULL,	NULL,	NULL,	NULL,	NULL,	NULL,	NULL,	NULL,	NULL,	NULL),
(354,	NULL,	'[{\"id\":6,\"name\":\"Topení, plyn\"}]',	'Tlakové nádoby - expanzní nádoba – kotel na plyn',	NULL,	NULL,	'05 F04221001',	NULL,	NULL,	'2005',	NULL,	NULL,	'[]',	'[]',	NULL,	NULL,	NULL,	NULL,	NULL,	NULL,	NULL,	NULL,	NULL,	NULL,	NULL);

DROP TABLE IF EXISTS `tool_categories`;
CREATE TABLE `tool_categories` (
  `id` int(11) NOT NULL AUTO_INCREMENT,
  `name` varchar(255) DEFAULT NULL,
  `parentId` int(11) DEFAULT NULL,
  PRIMARY KEY (`id`),
  KEY `parentId` (`parentId`)
) ENGINE=InnoDB DEFAULT CHARSET=utf8;

INSERT INTO `tool_categories` (`id`, `name`, `parentId`) VALUES
(1,	'Velké stroje',	NULL),
(2,	'Elektrické nářadí',	NULL),
(3,	'Odsávání, vysavače',	NULL),
(4,	'Jeřáby, zdvihací zařízení, vozíky',	NULL),
(5,	'Prodlužovací kabely',	NULL),
(6,	'Topení, plyn',	NULL),
(7,	'Kompresory, vývěvy, tlak. nádoby',	NULL),
(8,	'Hasící zařízení',	NULL),
(9,	'Budova, auta, EZS',	NULL),
(10,	'základní kategorie',	NULL),
(11,	'základní kategorie 2',	NULL),
(12,	'Základní kategorie 3',	NULL);

DROP TABLE IF EXISTS `tool_category`;
CREATE TABLE `tool_category` (
  `id_tool` int(11) NOT NULL,
  `id_category` int(11) NOT NULL,
  PRIMARY KEY (`id_tool`,`id_category`)
) ENGINE=InnoDB DEFAULT CHARSET=utf8;

INSERT INTO `tool_category` (`id_tool`, `id_category`) VALUES
(1,	1),
(2,	1),
(3,	1),
(4,	1),
(5,	1),
(6,	1),
(7,	1),
(8,	1),
(9,	1),
(10,	1),
(11,	1),
(12,	1),
(13,	1),
(14,	1),
(15,	1),
(16,	1),
(17,	1),
(18,	1),
(19,	1),
(20,	1),
(21,	1),
(22,	1),
(23,	1),
(24,	1),
(25,	1),
(26,	1),
(27,	1),
(28,	1),
(29,	1),
(30,	1),
(31,	1),
(32,	1),
(33,	1),
(34,	1),
(35,	1),
(36,	1),
(37,	1),
(38,	1),
(39,	1),
(40,	1),
(41,	9),
(42,	9),
(43,	9),
(44,	9),
(45,	9),
(46,	9),
(47,	9),
(48,	9),
(49,	9),
(50,	9),
(51,	9),
(52,	2),
(53,	2),
(54,	2),
(55,	2),
(56,	2),
(57,	2),
(58,	2),
(59,	2),
(60,	2),
(61,	2),
(62,	2),
(63,	2),
(64,	2),
(65,	2),
(66,	2),
(67,	2),
(68,	2),
(69,	2),
(70,	2),
(71,	2),
(72,	2),
(73,	2),
(74,	2),
(75,	2),
(76,	2),
(77,	2),
(78,	2),
(79,	2),
(80,	2),
(81,	2),
(82,	2),
(83,	2),
(84,	2),
(85,	2),
(86,	2),
(87,	2),
(88,	2),
(89,	2),
(90,	2),
(91,	2),
(92,	2),
(93,	2),
(94,	2),
(95,	2),
(96,	2),
(97,	2),
(98,	2),
(99,	2),
(100,	2),
(101,	2),
(102,	2),
(103,	2),
(104,	2),
(105,	2),
(106,	2),
(107,	2),
(108,	2),
(109,	2),
(110,	2),
(111,	2),
(112,	2),
(113,	2),
(114,	2),
(115,	2),
(116,	2),
(117,	2),
(118,	2),
(119,	2),
(120,	2),
(121,	2),
(122,	2),
(123,	2),
(124,	2),
(125,	2),
(126,	2),
(127,	2),
(128,	2),
(129,	2),
(130,	2),
(131,	2),
(132,	2),
(133,	2),
(134,	2),
(135,	2),
(136,	2),
(137,	2),
(138,	2),
(139,	2),
(140,	2),
(141,	2),
(142,	2),
(143,	2),
(144,	2),
(145,	2),
(146,	2),
(147,	2),
(148,	2),
(149,	2),
(150,	2),
(151,	2),
(152,	2),
(153,	2),
(154,	2),
(155,	2),
(156,	2),
(157,	2),
(158,	2),
(159,	2),
(160,	2),
(161,	2),
(162,	2),
(163,	2),
(164,	2),
(165,	2),
(166,	2),
(167,	2),
(168,	2),
(169,	2),
(170,	2),
(171,	2),
(172,	2),
(173,	2),
(174,	2),
(175,	2),
(176,	2),
(177,	2),
(178,	2),
(179,	2),
(180,	2),
(181,	2),
(182,	2),
(183,	2),
(184,	2),
(185,	2),
(186,	2),
(187,	2),
(188,	2),
(189,	2),
(190,	2),
(191,	2),
(192,	2),
(193,	2),
(194,	2),
(195,	2),
(196,	2),
(197,	2),
(198,	2),
(199,	2),
(200,	2),
(201,	2),
(202,	2),
(203,	2),
(204,	2),
(205,	2),
(206,	2),
(207,	2),
(208,	2),
(209,	2),
(210,	2),
(211,	8),
(212,	8),
(213,	8),
(214,	8),
(215,	8),
(216,	8),
(217,	8),
(218,	8),
(219,	8),
(220,	8),
(221,	8),
(222,	8),
(223,	8),
(224,	8),
(225,	8),
(226,	8),
(227,	8),
(228,	8),
(229,	8),
(230,	8),
(231,	8),
(232,	8),
(233,	8),
(234,	4),
(235,	4),
(236,	4),
(237,	4),
(238,	4),
(239,	4),
(240,	4),
(241,	4),
(242,	4),
(243,	4),
(244,	4),
(245,	4),
(246,	4),
(247,	4),
(248,	4),
(249,	4),
(250,	4),
(251,	4),
(252,	4),
(253,	4),
(254,	4),
(255,	4),
(256,	4),
(257,	4),
(258,	4),
(259,	7),
(260,	7),
(261,	7),
(262,	7),
(263,	7),
(264,	7),
(265,	7),
(266,	7),
(267,	7),
(268,	7),
(269,	3),
(270,	3),
(271,	3),
(272,	3),
(273,	3),
(274,	3),
(275,	3),
(276,	3),
(277,	3),
(278,	3),
(279,	3),
(280,	3),
(281,	3),
(282,	3),
(283,	3),
(284,	3),
(285,	3),
(286,	3),
(287,	3),
(288,	5),
(289,	5),
(290,	5),
(291,	5),
(292,	5),
(293,	5),
(294,	5),
(295,	5),
(296,	5),
(297,	5),
(298,	5),
(299,	5),
(300,	5),
(301,	5),
(302,	5),
(303,	5),
(304,	5),
(305,	5),
(306,	5),
(307,	5),
(308,	5),
(309,	5),
(310,	5),
(311,	5),
(312,	5),
(313,	5),
(314,	5),
(315,	5),
(316,	5),
(317,	5),
(318,	5),
(319,	5),
(320,	5),
(321,	5),
(322,	5),
(323,	5),
(324,	5),
(325,	5),
(326,	5),
(327,	5),
(328,	5),
(329,	5),
(330,	5),
(331,	5),
(332,	5),
(333,	5),
(334,	5),
(335,	5),
(336,	5),
(337,	5),
(338,	5),
(339,	6),
(340,	6),
(341,	6),
(342,	6),
(343,	6),
(344,	6),
(345,	6),
(346,	6),
(347,	6),
(348,	6),
(349,	6),
(350,	6),
(351,	6),
(352,	6),
(353,	6),
(354,	6);

DROP TABLE IF EXISTS `tool_file`;
CREATE TABLE `tool_file` (
  `id` int(11) NOT NULL,
  `path` text NOT NULL,
  `name` varchar(255) NOT NULL,
  PRIMARY KEY (`id`)
) ENGINE=InnoDB DEFAULT CHARSET=utf8;


SET NAMES utf8mb4;

DROP TABLE IF EXISTS `tool_revision`;
CREATE TABLE `tool_revision` (
  `id_tool` int(11) NOT NULL,
  `id_tool_revision_types` int(11) DEFAULT NULL,
  `revisionType` longtext CHARACTER SET utf8mb4 COLLATE utf8mb4_bin DEFAULT NULL,
  `date` date DEFAULT NULL,
  `description` text DEFAULT NULL,
  `who` varchar(255) DEFAULT NULL,
  KEY `id_tool` (`id_tool`),
  KEY `id_tool_revision_types` (`id_tool_revision_types`),
  CONSTRAINT `tool_revision_ibfk_1` FOREIGN KEY (`id_tool`) REFERENCES `tool` (`id`),
  CONSTRAINT `tool_revision_ibfk_2` FOREIGN KEY (`id_tool_revision_types`) REFERENCES `tool_revision_types` (`id`)
) ENGINE=InnoDB DEFAULT CHARSET=utf8;


DROP TABLE IF EXISTS `tool_revision_type`;
CREATE TABLE `tool_revision_type` (
  `id_tool` int(11) NOT NULL,
  `id_tool_revision_types` int(11) NOT NULL,
  PRIMARY KEY (`id_tool`,`id_tool_revision_types`),
  KEY `id_tool_revision_types` (`id_tool_revision_types`),
  CONSTRAINT `tool_revision_type_ibfk_1` FOREIGN KEY (`id_tool`) REFERENCES `tool` (`id`),
  CONSTRAINT `tool_revision_type_ibfk_2` FOREIGN KEY (`id_tool_revision_types`) REFERENCES `tool_revision_types` (`id`)
) ENGINE=InnoDB DEFAULT CHARSET=utf8;


DROP TABLE IF EXISTS `tool_revision_types`;
CREATE TABLE `tool_revision_types` (
  `id` int(11) NOT NULL AUTO_INCREMENT,
  `name` varchar(255) DEFAULT NULL,
  `revisionInterval` varchar(100) DEFAULT NULL,
  PRIMARY KEY (`id`)
) ENGINE=InnoDB DEFAULT CHARSET=utf8;


DROP TABLE IF EXISTS `tool_supplier`;
CREATE TABLE `tool_supplier` (
  `id` int(11) NOT NULL,
  `name` varchar(45) DEFAULT NULL,
  PRIMARY KEY (`id`)
) ENGINE=InnoDB DEFAULT CHARSET=utf8;


-- 2018-10-25 20:23:58
